IdIndividu;IdEluRNEHisto;IdEluSenat;IdEluAssemblee;NomDeNaissance;Prenom;Sexe;DateDeNaissance;TypeMandat;DateDebutMandat;DateFinMandat;MotifFinMandat;TypeFonction;DateDebutFonction;DateFinFonction;MotifFinFonction;NuancePolitique;IdTerritoire;NomTerritoire;TypeTerritoire;Sources
;NA;NA;NA;BARBEROT;PAUL;M;26/10/1915;DEPUTE;18/11/1962;01/03/1967;FM;NA;NA;NA;NA;NA;NA;1ERE CIRCONSCRIPTION AIN;Circonscription legislative;WIKIPEDIA
;NA;NA;NA;BARBEROT;PAUL;M;26/10/1915;DEPUTE;05/03/1967;20/06/1968;FM;NA;NA;NA;NA;NA;NA;1ERE CIRCONSCRIPTION AIN;Circonscription legislative;WIKIPEDIA
;NA;NA;NA;BARBEROT;PAUL;M;26/10/1915;DEPUTE;23/06/1968;01/03/1973;FM;NA;NA;NA;NA;NA;NA;1ERE CIRCONSCRIPTION AIN;Circonscription legislative;WIKIPEDIA
;NA;NA;NA;BARBEROT;PAUL;M;26/10/1915;DEPUTE;04/03/1973;10/03/1978;FM;NA;NA;NA;NA;NA;NA;1ERE CIRCONSCRIPTION AIN;Circonscription legislative;WIKIPEDIA
;NA;NA;NA;BERTRAND;JEAN MICHEL;M;06/06/1943;DEPUTE;19/06/2002;20/06/2007;FM;NA;NA;NA;NA;NA;NA;1ERE CIRCONSCRIPTION AIN;Circonscription legislative;WIKIPEDIA
;NA;NA;NA;BOYON;JACQUES;M;30/09/1934;DEPUTE;02/04/1993;21/04/1997;NA;NA;NA;NA;NA;NA;NA;1ERE CIRCONSCRIPTION AIN;Circonscription legislative;WIKIPEDIA
;NA;NA;NA;BOYON;JACQUES;M;30/09/1934;DEPUTE;23/06/1988;01/04/1993;FM;NA;NA;NA;NA;NA;NA;1ERE CIRCONSCRIPTION AIN;Circonscription legislative;WIKIPEDIA
;NA;NA;NA;BOYON;JACQUES;M;30/09/1934;DEPUTE;02/04/1986;20/09/1986;GOUVERNEMENT;NA;NA;NA;NA;NA;NA;1ERE CIRCONSCRIPTION AIN;Circonscription legislative;WIKIPEDIA
;NA;NA;NA;BOYON;JACQUES;M;30/09/1934;DEPUTE;03/04/1978;22/05/1981;FM;NA;NA;NA;NA;NA;NA;1ERE CIRCONSCRIPTION AIN;Circonscription legislative;WIKIPEDIA
;NA;NA;NA;BRETON ;XAVIER;M;25/11/1962;DEPUTE;17/06/2007;10/06/2012;FM;NA;NA;NA;NA;UMP;NA;1ERE CIRCONSCRIPTION AIN;Circonscription legislative;WIKIPEDIA
;NA;NA;NA;BRETON ;XAVIER;M;25/11/1962;DEPUTE;17/12/2012;10/06/2017;FM;NA;NA;NA;NA;UMP;NA;1ERE CIRCONSCRIPTION AIN;Circonscription legislative;WIKIPEDIA
;NA;NA;NA;BRETON ;XAVIER;M;25/11/1962;DEPUTE;18/06/2017;10/06/2022;FM;NA;NA;NA;NA;LR;NA;1ERE CIRCONSCRIPTION AIN;Circonscription legislative;WIKIPEDIA
;NA;NA;NA;BRETON ;XAVIER;M;25/11/1962;DEPUTE;19/06/2022;NA;NA;NA;NA;NA;NA;LR;NA;1ERE CIRCONSCRIPTION AIN;Circonscription legislative;WIKIPEDIA
;NA;NA;NA;ROBIN ;LOUIS;M;01/05/1923;DEPUTE;14/06/1981;10/03/1986;FM;NA;NA;NA;NA;NA;NA;1ERE CIRCONSCRIPTION AIN;Circonscription legislative;WIKIPEDIA
;NA;NA;NA;MERCIER;AMEDEE;M;02/12/1890;DEPUTE;30/11/1958;09/10/1962;FM;NA;NA;NA;NA;SFIO;NA;1ERE CIRCONSCRIPTION AIN;Departement;WIKIPEDIA
;NA;NA;NA;ANTHONIOZ;MARCEL;M;26/04/1911;DEPUTE;04/03/1973;31/08/1976;DC;VP;04/03/1973;31/08/1976;DC;RI;NA;2EME CIRCONSCRIPTION DE L'AIN;Circonscription legislative;WIKIPEDIA
;NA;NA;NA;ANTHONIOZ;MARCEL;M;26/04/1911;DEPUTE;23/11/1958;15/11/1962;FM;NA;NA;NA;NA;IPAS;NA;2EME CIRCONSCRIPTION DE L'AIN;Circonscription legislative;WIKIPEDIA
;NA;NA;NA;ANTHONIOZ;MARCEL;M;26/04/1911;DEPUTE;18/11/1962;01/03/1967;FM;NA;NA;NA;NA;RI;NA;2EME CIRCONSCRIPTION DE L'AIN;Circonscription legislative;WIKIPEDIA
;NA;NA;NA;CARRIER;MICHEL;M;02/10/1906;DEPUTE;23/07/1969;01/04/1973;FM;NA;NA;NA;NA;RI;NA;2EME CIRCONSCRIPTION DE L'AIN;Circonscription legislative;WIKIPEDIA
;NA;NA;NA;CARRIER;MICHEL;M;02/10/1906;DEPUTE;31/08/1976;02/04/1978;FM;NA;NA;NA;NA;RI;NA;2EME CIRCONSCRIPTION DE L'AIN;Circonscription legislative;WIKIPEDIA
;NA;NA;NA;DAUBIE;ROMAIN;M;05/05/1980;DEPUTE;19/06/2022;NA;NA;NA;NA;NA;NA;MoDEM;NA;2EME CIRCONSCRIPTION DE L'AIN;Circonscription legislative;WIKIPEDIA
RNE_0106732;106732;NULL;PA1012;DE LA VERPILLIERE;CHARLES;M;31/05/1954;DEPUTE;10/06/2012;10/06/2017;FM;NA;NA;NA;NA;NA;NA;2EME CIRCONSCRIPTION DE L'AIN;Circonscription legislative;WIKIPEDIA
RNE_0106732;106732;NULL;PA1012;DE LA VERPILLIERE;CHARLES;M;31/05/1954;DEPUTE;11/06/2017;20/06/2022;FM;NA;NA;NA;NA;NA;NA;2EME CIRCONSCRIPTION DE L'AIN;Circonscription legislative;WIKIPEDIA
;NA;NA;NA;GUICHON;LUCIEN;M;09/02/1932;DEPUTE;16/03/1986;01/06/1988;FM;NA;NA;NA;NA;RPR;NA;2EME CIRCONSCRIPTION DE L'AIN;Circonscription legislative;WIKIPEDIA
;NA;NA;NA;GUICHON;LUCIEN;M;09/02/1932;DEPUTE;05/06/1988;15/03/1993;FM;NA;NA;NA;NA;RPR;NA;2EME CIRCONSCRIPTION DE L'AIN;Circonscription legislative;WIKIPEDIA
;NA;NA;NA;GUICHON;LUCIEN;M;09/02/1932;DEPUTE;21/03/1993;20/05/1997;FM;NA;NA;NA;NA;RPR;NA;2EME CIRCONSCRIPTION DE L'AIN;Circonscription legislative;WIKIPEDIA
;NA;NA;NA;GUICHON;LUCIEN;M;09/02/1932;DEPUTE;25/05/1997;01/06/2002;FM;NA;NA;NA;NA;RPR;NA;2EME CIRCONSCRIPTION DE L'AIN;Circonscription legislative;WIKIPEDIA
;NA;NA;NA;GUICHON;LUCIEN;M;09/02/1932;DEPUTE;18/06/2002;20/06/2007;FM;NA;NA;NA;NA;UMP;NA;2EME CIRCONSCRIPTION DE L'AIN;Circonscription legislative;WIKIPEDIA
;NA;NA;NA;MILLON;CHARLES;M;12/11/1945;DEPUTE;16/03/1986;01/06/1988;FM;VP;04/04/1986;14/05/1988;FM;UDF;NA;2EME CIRCONSCRIPTION DE L'AIN;Circonscription legislative;WIKIPEDIA
;NA;NA;NA;MILLON;CHARLES;M;12/11/1945;DEPUTE;12/03/1978;10/06/1981;FM;NA;NA;NA;NA;UDF;NA;2EME CIRCONSCRIPTION DE L'AIN;Circonscription legislative;WIKIPEDIA
;NA;NA;NA;MILLON;CHARLES;M;12/11/1945;DEPUTE;14/06/1981;10/03/1986;FM;NA;NA;NA;NA;UDF;NA;2EME CIRCONSCRIPTION DE L'AIN;Circonscription legislative;WIKIPEDIA
;NA;NA;NA;ARMAND;GERARD;M;09/07/1941;DEPUTE;18/06/1995;21/04/1997;FM;NA;NA;NA;NA;NA;NA;3EME CIRCONSCRIPTION AIN;Circonscription legislative;WIKIPEDIA
SEN_058913V;NULL;58913V;NULL;DE LA VERPILLIERE;GUY;M;09/08/1922;DEPUTE;05/03/1967;20/06/1968;FM;NA;NA;NA;NA;NA;NA;3EME CIRCONSCRIPTION AIN;Circonscription legislative;WIKIPEDIA
SEN_058913V;NULL;58913V;NULL;DE LA VERPILLIERE;GUY;M;09/08/1922;DEPUTE;23/06/1968;01/03/1973;FM;NA;NA;NA;NA;NA;NA;3EME CIRCONSCRIPTION AIN;Circonscription legislative;WIKIPEDIA
SEN_058913V;NULL;58913V;NULL;DE LA VERPILLIERE;GUY;M;09/08/1922;DEPUTE;03/03/1973;10/03/1978;FM;NA;NA;NA;NA;NA;NA;3EME CIRCONSCRIPTION AIN;Circonscription legislative;WIKIPEDIA
SEN_058913V;NULL;58913V;NULL;DE LA VERPILLIERE;GUY;M;09/08/1922;DEPUTE;12/03/1978;01/01/1980;AU;NA;NA;NA;NA;NA;NA;3EME CIRCONSCRIPTION AIN;Circonscription legislative;WIKIPEDIA
;NA;NA;NA;DUBUIS;EMILE;M;20/03/1911;DEPUTE;23/11/1958;10/11/1962;FM;NA;NA;NA;NA;MRP;NA;3EME CIRCONSCRIPTION AIN;Circonscription legislative;WIKIPEDIA
;NA;NA;NA;DUBUIS;EMILE;M;20/03/1911;DEPUTE;18/11/1962;01/03/1967;FM;NA;NA;NA;NA;MRP;NA;3EME CIRCONSCRIPTION AIN;Circonscription legislative;WIKIPEDIA
;NA;NA;NA;GIVERNET;OLGA;F;17/10/1981;DEPUTE;18/06/2017;20/06/2022;FM;NA;NA;NA;NA;LREM;NA;3EME CIRCONSCRIPTION AIN;Circonscription legislative;WIKIPEDIA
;NA;NA;NA;GIVERNET;OLGA;F;17/10/1981;DEPUTE;21/06/2022;NA;NA;NA;NA;NA;NA;LREM;NA;3EME CIRCONSCRIPTION AIN;Circonscription legislative;WIKIPEDIA
;NA;NA;NA;MILLON;CHARLES;M;12/11/1945;DEPUTE;18/05/1995;12/06/1997;FM;NA;NA;NA;NA;UDF;NA;3EME CIRCONSCRIPTION AIN;Circonscription legislative;WIKIPEDIA
;NA;NA;NA;MILLON;CHARLES;M;12/11/1945;DEPUTE;05/06/1988;15/03/1993;FM;NA;NA;NA;NA;UDF;NA;3EME CIRCONSCRIPTION AIN;Circonscription legislative;WIKIPEDIA
;NA;NA;NA;MILLON;CHARLES;M;12/11/1945;DEPUTE;21/03/1993;18/06/1995;MINISTRE;NA;NA;NA;NA;UDF;NA;3EME CIRCONSCRIPTION AIN;Circonscription legislative;WIKIPEDIA
;NA;NA;NA;RAVASSARD;NOEL;M;25/07/1935;DEPUTE;30/11/1980;22/05/1981;FM;NA;NA;NA;NA;PS;NA;3EME CIRCONSCRIPTION AIN;Circonscription legislative;ARCHIVES
;NA;NA;NA;RAVASSARD;NOEL;M;25/07/1935;DEPUTE;21/06/1981;01/04/1986;FM;NA;NA;NA;NA;PS;NA;3EME CIRCONSCRIPTION AIN;Circonscription legislative;ARCHIVES
;NA;NA;NA;RAVASSARD;NOEL;M;25/07/1935;DEPUTE;16/03/1986;14/05/1988;FM;NA;NA;NA;NA;PS;NA;3EME CIRCONSCRIPTION AIN;Circonscription legislative;ARCHIVES
;NA;NA;NA;TROMPILLE;STEPHANE;M;01/12/1982;DEPUTE;18/06/2017;20/06/2022;FM;NA;NA;NA;NA;LREM;NA;4e CIRCONSCRIPTION AIN;Circonscription legislative;WIKIPEDIA
;NA;NA;NA;BUISSON;JEROME;M;15/01/1973;DEPUTE;22/06/2022;NA;NA;NA;NA;NA;NA;RN;NA;4EME CIRCONSCRIPTION AIN;Circonscription legislative;WIKIPEDIA
;NA;NA;NA;VOISIN;MICHEL;M;06/10/1944;DEPUTE;05/06/1988;15/03/1993;FM;NA;NA;NA;NA;UDF;NA;4EME CIRCONSCRIPTION AIN;Circonscription legislative;WIKIPEDIA
;NA;NA;NA;VOISIN;MICHEL;M;06/10/1944;DEPUTE;21/03/1993;20/05/1997;FM;NA;NA;NA;NA;UDF;NA;4EME CIRCONSCRIPTION AIN;Circonscription legislative;WIKIPEDIA
;NA;NA;NA;VOISIN;MICHEL;M;06/10/1944;DEPUTE;25/05/1997;01/06/2002;FM;NA;NA;NA;NA;UDF;NA;4EME CIRCONSCRIPTION AIN;Circonscription legislative;WIKIPEDIA
;NA;NA;NA;VOISIN;MICHEL;M;06/10/1944;DEPUTE;18/06/2002;20/06/2007;FM;NA;NA;NA;NA;UMP;NA;4EME CIRCONSCRIPTION AIN;Circonscription legislative;WIKIPEDIA
;NA;NA;NA;VOISIN;MICHEL;M;06/10/1944;DEPUTE;20/06/2007;19/06/2012;FM;NA;NA;NA;NA;UMP;NA;4EME CIRCONSCRIPTION AIN;Circonscription legislative;WIKIPEDIA
;NA;NA;NA;VOISIN;MICHEL;M;06/10/1944;DEPUTE;20/06/2012;20/06/2017;FM;NA;NA;NA;NA;LR;NA;4EME CIRCONSCRIPTION AIN;Circonscription legislative;WIKIPEDIA
;NA;NA;NA;ABAD;DAMIEN;M;05/04/1980;DEPUTE;17/06/2012;10/06/2017;FM;NA;NA;NA;NA;UMP;NA;5e CIRCONSCRIPTION AIN;Circonscription legislative;WIKIPEDIA
;NA;NA;NA;ABAD;DAMIEN;M;05/04/1980;DEPUTE;18/06/2017;10/06/2022;FM;NA;NA;NA;NA;LR;NA;5e CIRCONSCRIPTION AIN;Circonscription legislative;WIKIPEDIA
;NA;NA;NA;ABAD;DAMIEN;M;05/04/1980;DEPUTE;19/06/2022;NA;NA;NA;NA;NA;NA;LR;NA;5e CIRCONSCRIPTION AIN;Circonscription legislative;WIKIPEDIA
;NA;NA;NA;ANTHONIOZ;MARCEL;M;26/04/1911;DEPUTE;17/06/1951;01/12/1955;FM;NA;NA;NA;NA;RI;NA;AIN;Circonscription legislative;WIKIPEDIA
;NA;NA;NA;ANTHONIOZ;MARCEL;M;26/04/1911;DEPUTE;02/01/1956;01/11/1958;FM;NA;NA;NA;NA;IPAS;NA;AIN;Circonscription legislative;WIKIPEDIA
;NA;NA;NA;BILLIEMAZ;AUGUSTE;M;29/08/1903;SENATEUR;26/04/1959;20/09/1962;FM;NA;NA;NA;NA;PRG;NA;AIN;Circonscription legislative;WIKIPEDIA
;NA;NA;NA;BILLIEMAZ;AUGUSTE;M;29/08/1903;SENATEUR;23/09/1962;20/09/1971;FM;NA;NA;NA;NA;PRG;NA;AIN;Circonscription legislative;WIKIPEDIA
;NA;NA;NA;BILLIEMAZ;AUGUSTE;M;29/08/1903;SENATEUR;26/09/1971;20/09/1980;FM;NA;NA;NA;NA;PRG;NA;AIN;Circonscription legislative;WIKIPEDIA
;NA;NA;NA;BRAYARD;JOSEPH;M;31/03/1901;SENATEUR;26/04/1959;20/09/1962;FM;NA;NA;NA;NA;DVG;NA;AIN;Circonscription legislative;WIKIPEDIA
;NA;NA;NA;BRAYARD;JOSEPH;M;31/03/1901;SENATEUR;23/09/1962;20/09/1971;FM;NA;NA;NA;NA;DVG;NA;AIN;Circonscription legislative;WIKIPEDIA
;NA;NA;NA;PEPIN;JEAN;M;23/11/1939;SENATEUR;24/09/1989;20/09/1998;FM;NA;NA;NA;NA;NA;NA;AIN;Circonscription legislative;WIKIPEDIA
;NA;NA;NA;PEPIN;JEAN;M;23/11/1939;SENATEUR;27/09/1998;20/09/2008;FM;NA;NA;NA;NA;NA;NA;AIN;Circonscription legislative;WIKIPEDIA
SEN_058928D;NULL;58928D;NULL;RUET;ROLAND;M;29/10/1921;SENATEUR;26/09/1971;20/09/1980;FM;NA;NA;NA;NA;UDF;NA;AIN;Circonscription legislative;WIKIPEDIA
SEN_058928D;NULL;58928D;NULL;RUET;ROLAND;M;29/10/1921;SENATEUR;28/09/1980;20/09/1989;FM;NA;NA;NA;NA;UDF;NA;AIN;Circonscription legislative;WIKIPEDIA
;NA;NA;NA;SAINT PIERRE;DOMINIQUE;M;10/11/1940;DEPUTE;16/03/1986;14/05/1988;FM;NA;NA;NA;NA;PS;NA;AIN;Circonscription legislative;WIKIPEDIA
;NA;NA;NA;ABAD;DAMIEN;M;05/04/1980;CONSEILLER REGIONAL;21/03/2010;01/04/2015;FM;NA;NA;NA;NA;UMP;NA;AIN;Departement;WIKIPEDIA
RNE_0106690;106690;08059E;NULL;BERTHOU;JACQUES;M;03/03/1940;SENATEUR;01/10/2008;20/09/2014;FM;NA;NA;NA;NA;NA;NA;AIN;Departement;WIKIPEDIA
;NA;NA;NA;BERTRAND;JEAN MICHEL;M;06/06/1943;CONSEILLER REGIONAL;22/03/1992;10/03/1998;FM;NA;NA;NA;NA;NA;NA;AIN;Departement;WIKIPEDIA
;NA;NA;NA;BERTRAND;JEAN MICHEL;M;06/06/1943;CONSEILLER REGIONAL;15/03/1998;01/06/2002;DEPUTE;NA;NA;NA;NA;NA;NA;AIN;Departement;WIKIPEDIA
RNE_0000794;794;NULL;PA267075;BLANC;ETIENNE;M;29/08/1954;CONSEILLER REGIONAL;27/03/1992;10/03/1998;FM;NA;NA;NA;NA;NA;NA;AIN;Departement;WIKIPEDIA
RNE_0000794;794;NULL;PA267075;BLANC;ETIENNE;M;29/08/1954;CONSEILLER REGIONAL;15/03/1998;22/07/2002;DEPUTE;VP;16/03/1998;11/12/1998;NA;UDF;NA;AIN;Departement;WIKIPEDIA
RNE_0000794;794;NULL;PA267075;BLANC;ETIENNE;M;29/08/1954;CONSEILLER REGIONAL;27/03/1992;10/03/1998;FM;NA;NA;NA;NA;UDF;NA;AIN;Departement;WIKIPEDIA
;NA;NA;NA;BLATRIX CONTAT;FLORENCE;F;30/03/1966;SENATEUR;27/09/2020;NA;NA;NA;NA;NA;NA;PS;NA;AIN;Departement;WIKIPEDIA
;NA;NA;NA;BRETON ;XAVIER;M;25/11/1962;CONSEILLER REGIONAL;04/01/2016;20/06/2021;FM;NA;NA;NA;NA;LR;NA;AIN;Departement;WIKIPEDIA
;NA;NA;NA;BRETON ;XAVIER;M;25/11/1962;CONSEILLER REGIONAL;27/06/2021;NA;NA;NA;NA;NA;NA;LR;NA;AIN;Departement;WIKIPEDIA
;NA;NA;NA;BUISSON;JEROME;M;15/01/1973;CONSEILLER REGIONAL;27/06/2021;NA;NA;NA;NA;NA;NA;RN;NA;AIN;Departement;WIKIPEDIA
;NA;NA;NA;CHAIZE;PATRICK;M;22/03/1963;SENATEUR;01/10/2014;30/09/2020;FM;NA;NA;NA;NA;LR;NA;AIN;Departement;WIKIPEDIA
;NA;NA;NA;CHAIZE;PATRICK;M;22/03/1963;SENATEUR;01/10/2020;NA;NA;NA;NA;NA;NA;LR;NA;AIN;Departement;WIKIPEDIA
;NA;NA;NA;DE LA VERPILLIERE;GUY;M;09/08/1922;SENATEUR;28/09/1980;20/09/1989;FM;NA;NA;NA;NA;CD;NA;AIN;Departement;WIKIPEDIA
;NA;NA;NA;EMIN;JEAN-PAUL;M;17/09/1939;SENATEUR;24/09/1989;20/09/1998;FM;NA;NA;NA;NA;NA;NA;AIN;Departement;WIKIPEDIA
;NA;NA;NA;EMIN;JEAN-PAUL;M;17/09/1939;SENATEUR;27/09/1998;20/09/2008;FM;NA;NA;NA;NA;NA;NA;AIN;Departement;WIKIPEDIA
;NA;NA;NA;EMIN;JEAN-PAUL;M;17/06/1939;CONSEILLER DEPARTEMENTAL;NA;NA;NA;VP;NA;NA;NA;NA;NA;AIN;Departement;WIKIPEDIA
;NA;NA;NA;GIVERNET;OLGA;F;17/10/1981;CONSEILLER REGIONAL;18/12/2015;01/07/2021;FM;NA;NA;NA;NA;MoDEM;NA;AIN;Departement;WIKIPEDIA
;NA;NA;NA;GOY-CHAVENT;SYLVIE;F;23/05/1963;SENATEUR;21/09/2008;20/09/2014;FM;NA;NA;NA;NA;NA;UMP;AIN;Departement;WIKIPEDIA
;NA;NA;NA;GOY-CHAVENT;SYLVIE;F;23/05/1963;SENATEUR;28/09/2014;20/09/2020;FM;NA;NA;NA;NA;NA;UMP;AIN;Departement;WIKIPEDIA
;NA;NA;NA;GOY-CHAVENT;SYLVIE;F;23/05/1963;SENATEUR;27/09/2020;NA;NA;NA;NA;NA;NA;NA;LR;AIN;Departement;WIKIPEDIA
;NA;NA;NA;GOY-CHAVENT;SYLVIE;F;23/05/1963;CONSEILLER REGIONAL;13/12/2015;20/06/2021;FM;NA;NA;NA;NA;NA;NA;AIN;Departement;WIKIPEDIA
;NA;NA;NA;MAZUIR;RACHEL;M;12/02/1940;CONSEILLER REGIONAL;15/03/1998;15/03/2004;FM;NA;NA;NA;NA;PS;NA;AIN;Departement;WIKIPEDIA
;NA;NA;NA;MAZUIR;RACHEL;M;12/02/1940;SENATEUR;01/10/2014;30/09/2020;FM;NA;NA;NA;NA;NA;NA;AIN;Departement;WIKIPEDIA
;NA;NA;NA;MAZUIR;RACHEL;M;12/02/1940;SENATEUR;01/10/2008;30/09/2014;FM;NA;NA;NA;NA;NA;NA;AIN;Departement;WIKIPEDIA
;NA;NA;NA;MILLON;CHARLES;M;12/11/1945;CONSEILLER REGIONAL;16/03/1986;20/03/1992;FM;P;27/10/1988;20/03/1992;FM;NA;NA;AIN;Departement;WIKIPEDIA
;NA;NA;NA;MILLON;CHARLES;M;12/11/1945;CONSEILLER REGIONAL;22/03/1992;10/03/1998;FM;P;22/03/1992;10/03/1998;FM;NA;NA;AIN;Departement;WIKIPEDIA
;NA;NA;NA;MILLON;CHARLES;M;12/11/1945;CONSEILLER REGIONAL;15/03/1998;01/01/2003;NA;P;15/03/1998;03/01/1999;NA;UDF;NA;AIN;Departement;WIKIPEDIA
;NA;NA;NA;MORETEAU;JEAN;M;23/06/1942;CONSEILLER REGIONAL;16/03/1986;20/03/1992;FM;NA;NA;NA;NA;NA;NA;AIN;Departement;WIKIPEDIA
;NA;NA;NA;RAVASSARD;NOEL;M;25/07/1935;CONSEILLER REGIONAL;15/03/1998;15/03/2004;FM;NA;NA;NA;NA;PS;NA;AIN;Departement;ARCHIVES
;NA;NA;NA;SAINT PIERRE;DOMINIQUE;M;10/11/1940;CONSEILLER REGIONAL;16/03/1986;15/03/1992;FM;NA;NA;NA;NA;PS;NA;AIN;Departement;WIKIPEDIA
;NA;NA;NA;SAINT PIERRE;DOMINIQUE;M;10/11/1940;CONSEILLER REGIONAL;22/03/1992;10/03/1998;FM;NA;NA;NA;NA;ARE;NA;AIN;Departement;WIKIPEDIA
;NA;NA;NA;SAINT PIERRE;DOMINIQUE;M;10/11/1940;CONSEILLER REGIONAL;15/03/1998;15/03/2004;FM;NA;NA;NA;NA;ARE;NA;AIN;Departement;WIKIPEDIA
;NA;NA;NA;COMBIER;PAUL;M;01/01/1933;CONSEILLER DEPARTEMENTAL;07/03/1976;10/03/1982;FM;VP;07/03/1976;10/03/1982;FM;SOC;NA;AMBERIEU EN BUGEY;Canton;ARCHIVES
;NA;NA;NA;COMBIER;PAUL;M;01/01/1933;CONSEILLER DEPARTEMENTAL;07/03/1976;10/03/1982;FM;NA;NA;NA;NA;NA;NA;AMBERIEU EN BUGEY;Canton;WIKIPEDIA
;NA;NA;NA;PIRALLA;GILLES;M;05/10/1949;CONSEILLER DEPARTEMENTAL;20/03/1994;10/03/2001;FM;NA;NA;NA;NA;RPR;NA;AMBERIEU EN BUGEY;Canton;WIKIPEDIA
;NA;NA;NA;TOURNIER BILLION;LEON;M;02/04/1899;CONSEILLER DEPARTEMENTAL;20/04/1958;05/03/1964;FM;NA;NA;NA;NA;NA;NA;AMBERIEU EN BUGEY;Canton;ARCHIVES
;NA;NA;NA;TOURNIER BILLION;LEON;M;02/04/1899;CONSEILLER DEPARTEMENTAL;08/03/1964;20/09/1970;FM;NA;NA;NA;NA;NA;NA;AMBERIEU EN BUGEY;Canton;ARCHIVES
;NA;NA;NA;TOURNIER BILLION;LEON;M;02/04/1899;CONSEILLER DEPARTEMENTAL;23/03/1970;05/03/1976;FM;NA;NA;NA;NA;NA;NA;AMBERIEU EN BUGEY;Canton;ARCHIVES
;NA;NA;NA;BOLLIET;GILLES;M;NA;CONSEILLER MUNICIPAL;01/01/1992;10/06/1995;FM;M;01/01/1992;10/06/1995;FM;DVD;NA;AMBERIEU EN BUGEY;Commune;WIKIPEDIA
;NA;NA;NA;BUY;ANTOINE;M;22/08/1907;CONSEILLER MUNICIPAL;14/03/1971;10/03/1977;FM;M;14/03/1971;10/03/1977;FM;DVG;NA;AMBERIEU EN BUGEY;Commune;ARCHIVES
;NA;NA;NA;BUY;ANTOINE;M;22/08/1907;CONSEILLER MUNICIPAL;14/03/1965;10/03/1971;FM;NA;NA;NA;NA;NA;NA;AMBERIEU EN BUGEY;Commune;ARCHIVES
;NA;NA;NA;COMBIER;PAUL;M;01/01/1933;CONSEILLER MUNICIPAL;14/03/1965;10/03/1971;FM;M;14/03/1965;10/03/1971;FM;SFIO;NA;AMBERIEU EN BUGEY;Commune;WIKIPEDIA
;NA;NA;NA;MARCELPOIL;ROBERT;M;NA;CONSEILLER MUNICIPAL;13/03/1977;05/03/1983;FM;M;13/03/1977;05/03/1983;FM;DVD;NA;AMBERIEU EN BUGEY;Commune;WIKIPEDIA
;NA;NA;NA;MARCELPOIL;ROBERT;M;NA;CONSEILLER MUNICIPAL;06/03/1983;10/03/1989;FM;M;06/03/1983;10/03/1989;FM;DVD;NA;AMBERIEU EN BUGEY;Commune;WIKIPEDIA
;NA;NA;NA;MARCELPOIL;ROBERT;M;NA;CONSEILLER MUNICIPAL;12/03/1989;22/12/1991;DC;M;12/03/1989;22/12/1991;DC;DVD;NA;AMBERIEU EN BUGEY;Commune;WIKIPEDIA
;NA;NA;NA;PIRALLA;GILLES;M;05/10/1949;CONSEILLER MUNICIPAL;11/06/1995;10/03/2001;FM;M;11/06/1995;10/03/2001;FM;RPR;NA;AMBERIEU EN BUGEY;Commune;WIKIPEDIA
;NA;NA;NA;PIRALLA;GILLES;M;05/10/1949;CONSEILLER MUNICIPAL;11/03/2001;01/03/2008;FM;M;11/03/2001;01/03/2008;FM;NA;NA;AMBERIEU EN BUGEY;Commune;WIKIPEDIA
;NA;NA;NA;TOURNIER BILLION;LEON;M;02/04/1899;CONSEILLER MUNICIPAL;29/04/1945;10/10/1947;FM;M;29/04/1945;10/10/1947;NA;NA;NA;AMBERIEU EN BUGEY;Commune;ARCHIVES
;NA;NA;NA;TOURNIER BILLION;LEON;M;02/04/1899;CONSEILLER MUNICIPAL;19/10/1947;20/04/1953;FM;M;19/10/1947;20/04/1953;NA;NA;NA;AMBERIEU EN BUGEY;Commune;ARCHIVES
;NA;NA;NA;TOURNIER BILLION;LEON;M;02/04/1899;CONSEILLER MUNICIPAL;26/04/1953;05/03/1959;FM;M;26/04/1953;05/03/1959;NA;NA;NA;AMBERIEU EN BUGEY;Commune;ARCHIVES
;NA;NA;NA;TOURNIER BILLION;LEON;M;02/04/1899;CONSEILLER MUNICIPAL;08/03/1959;10/03/1965;FM;M;08/03/1959;10/03/1965;NA;NA;NA;AMBERIEU EN BUGEY;Commune;ARCHIVES
;;;;EXPOSITO;JOSIANE;F;03/03/1943;CONSEILLER MUNICIPAL;12/03/1989;10/06/1995;FM;;;;;SOC;NA;AMBERIEU EN BUGEY;Commune;PRESSE
;;;;EXPOSITO;JOSIANE;F;03/03/1943;CONSEILLER MUNICIPAL;11/06/1995;10/03/2001;FM;;;;;SOC;NA;AMBERIEU EN BUGEY;Commune;PRESSE
;;;;EXPOSITO;JOSIANE;F;03/03/1943;CONSEILLER MUNICIPAL;11/03/2001;01/03/2008;FM;;;;;SOC;NA;AMBERIEU EN BUGEY;Commune;PRESSE
;NA;NA;NA;EXPOSITO;JOSIANE;F;03/03/1943;CONSEILLER MUNICIPAL;17/03/2008;20/03/2014;FM;M;17/03/2008;20/03/2014;FM;SOC;NA;AMBERIEU EN BUGEY;Commune;WIKIPEDIA
;;;;EXPOSITO;JOSIANE;F;03/03/1943;CONSEILLER REGIONAL;29/03/2004;21/03/2010;FM;;;;;SOC;;AIN;Departement;WIKIPEDIA
;;;;FABRE;DANIEL;M;07/09/1961;CONSEILLER MUNICIPAL;22/03/2014;10/03/2020;FM;M;22/03/2014;10/03/2020;FM;UDI;;AMBERIEU EN BUGEY;Commune;WIKIPEDIA
;;;;FABRE;DANIEL;M;07/09/1961;CONSEILLER MUNICIPAL;20/03/2020;NA;NA;M;20/03/2020;NA;NA;UDI;;AMBERIEU EN BUGEY;Commune;WIKIPEDIA
;NA;NA;NA;VOISIN;MICHEL;M;06/10/1944;CONSEILLER DEPARTEMENTAL;22/03/1992;10/03/1998;FM;VP;01/04/1994;10/03/1998;FM;NA;NA;BAGE LE CHATEL;Canton;WIKIPEDIA
;NA;NA;NA;VOISIN;MICHEL;M;06/10/1944;CONSEILLER DEPARTEMENTAL;15/03/1998;20/03/2004;FM;VP;20/03/2004;FM;VP;NA;NA;BAGE LE CHATEL;Canton;WIKIPEDIA
;NA;NA;NA;VOISIN;MICHEL;M;06/10/1944;CONSEILLER DEPARTEMENTAL;13/03/1992;10/03/1998;FM;NA;NA;NA;NA;NA;NA;BAGE LE CHATEL;Canton;WIKIPEDIA
;NA;NA;NA;ARMAND;GERARD;M;09/07/1941;CONSEILLER DEPARTEMENTAL;18/03/1979;01/03/1985;FM;NA;NA;NA;NA;RPR;NA;BELLEGARDE SUR VALSERINE;Canton;ARCHIVES
;NA;NA;NA;ARMAND;GERARD;M;09/07/1941;CONSEILLER MUNICIPAL;11/06/1995;10/03/2001;FM;M;11/06/1995;10/03/2001;FM;RPR;NA;BELLEGARDE SUR VALSERINE;Commune;WIKIPEDIA
;NA;NA;NA;ARMAND;GERARD;M;09/07/1941;CONSEILLER MUNICIPAL;13/03/2001;21/03/2002;DC;M;13/03/2001;21/03/2002;DC;RPR;NA;BELLEGARDE SUR VALSERINE;Commune;WIKIPEDIA
;NA;NA;NA;ARMAND;GERARD;M;09/07/1941;CONSEILLER MUNICIPAL;06/03/1983;10/03/1989;FM;NA;NA;NA;NA;RPR;NA;BELLEGARDE SUR VALSERINE;Commune;ARCHIVES
;NA;NA;NA;ARMAND;GERARD;M;09/07/1941;CONSEILLER MUNICIPAL;12/03/1989;10/06/1995;FM;NA;NA;NA;NA;RPR;NA;BELLEGARDE SUR VALSERINE;Commune;ARCHIVES
;NA;NA;NA;BILLIEMAZ;AUGUSTE;M;29/08/1903;CONSEILLER DEPARTEMENTAL;20/03/1949;10/04/1955;FM;NA;NA;NA;NA;NA;NA;BELLEY;Canton;WIKIPEDIA
;NA;NA;NA;BILLIEMAZ;AUGUSTE;M;29/08/1903;CONSEILLER DEPARTEMENTAL;17/04/1955;01/06/1961;FM;NA;NA;NA;NA;NA;NA;BELLEY;Canton;WIKIPEDIA
;NA;NA;NA;BILLIEMAZ;AUGUSTE;M;29/08/1903;CONSEILLER DEPARTEMENTAL;04/06/1961;20/09/1967;FM;NA;NA;NA;NA;NA;NA;BELLEY;Canton;WIKIPEDIA
;NA;NA;NA;BILLIEMAZ;AUGUSTE;M;29/08/1903;CONSEILLER DEPARTEMENTAL;24/09/1967;20/09/1973;FM;NA;NA;NA;NA;NA;NA;BELLEY;Canton;WIKIPEDIA
;NA;NA;NA;MILLON;CHARLES;M;12/11/1945;CONSEILLER DEPARTEMENTAL;10/03/1985;20/09/1988;NA;NA;NA;NA;NA;NA;NA;BELLEY;Canton;WIKIPEDIA
;NA;NA;NA;TRAVERS;JEAN CLAUDE;M;05/10/1947;CONSEILLER DEPARTEMENTAL;22/03/1992;10/03/1998;FM;NA;NA;NA;NA;NA;NA;BELLEY;Canton;WIKIPEDIA
;NA;NA;NA;TRAVERS;JEAN CLAUDE;M;05/10/1947;CONSEILLER DEPARTEMENTAL;28/03/2004;20/03/2011;FM;;;;;;;BELLEY;Canton;PRESSE
;NA;NA;NA;CHASTEL;PAUL;M;28/01/1905;CONSEILLER MUNICIPAL;29/04/1945;10/10/1947;FM;M;29/04/1945;10/10/1947;FM;NA;NA;BELLEY;Commune;ARCHIVES
;NA;NA;NA;CHASTEL;PAUL;M;28/01/1905;CONSEILLER MUNICIPAL;19/10/1947;20/04/1953;FM;M;19/10/1947;20/04/1953;FM;NA;NA;BELLEY;Commune;ARCHIVES
;NA;NA;NA;CHASTEL;PAUL;M;28/01/1905;CONSEILLER MUNICIPAL;26/04/1953;05/03/1959;FM;M;26/04/1953;05/03/1959;FM;NA;NA;BELLEY;Commune;ARCHIVES
;NA;NA;NA;CHASTEL;PAUL;M;28/01/1905;CONSEILLER MUNICIPAL;08/03/1959;10/03/1965;FM;M;08/03/1959;10/03/1965;FM;NA;NA;BELLEY;Commune;ARCHIVES
;NA;NA;NA;CHASTEL;PAUL;M;28/01/1905;CONSEILLER MUNICIPAL;14/03/1965;10/03/1971;FM;M;14/03/1965;10/03/1971;FM;NA;NA;BELLEY;Commune;WIKIPEDIA
;NA;NA;NA;MILLON;CHARLES;M;12/11/1945;CONSEILLER MUNICIPAL;13/03/1977;05/03/1983;FM;M;13/03/1977;05/03/1983;FM;NA;NA;BELLEY;Commune;WIKIPEDIA
;NA;NA;NA;MILLON;CHARLES;M;12/11/1945;CONSEILLER MUNICIPAL;06/03/1983;10/03/1989;FM;M;06/03/1983;10/03/1989;FM;NA;NA;BELLEY;Commune;WIKIPEDIA
;NA;NA;NA;MILLON;CHARLES;M;12/11/1945;CONSEILLER MUNICIPAL;12/03/1989;10/06/1995;FM;M;12/03/1989;10/06/1995;FM;NA;NA;BELLEY;Commune;WIKIPEDIA
;NA;NA;NA;MILLON;CHARLES;M;12/11/1945;CONSEILLER MUNICIPAL;11/06/1995;10/03/2001;FM;M;11/06/1995;10/03/2001;FM;NA;NA;BELLEY;Commune;WIKIPEDIA
;NA;NA;NA;TRAVERS;JEAN CLAUDE;M;05/10/1947;CONSEILLER MUNICIPAL;11/03/2001;01/03/2008;FM;M;11/03/2001;01/03/2008;FM;NA;NA;BELLEY;Commune;WIKIPEDIA
;NA;NA;NA;VULLIOD;CHARLES;M;09/01/1909;CONSEILLER MUNICIPAL;14/03/1971;10/03/1977;FM;M;14/03/1971;10/03/1977;FM;NA;NA;BELLEY;Commune;ARCHIVES
;;;;FOGNINI;JEAN MARC;M;29/03/1958;CONSEILLER MUNICIPAL;17/03/2008;20/03/2014;FM;M;17/03/2008;20/03/2014;FM;DVG;;BELLEY;Commune;WIKIPEDIA
;;;;FOGNINI;JEAN MARC;M;29/03/1958;CONSEILLER DEPARTEMENTAL;28/03/2011;22/03/2015;FM;;;;;DVG;;BELLEY;Canton;PRESSE
;;;;JIMENEZ;CHRISTIAN;M;28/02/1950;CONSEILLER MUNICIPAL;17/03/2008;20/03/2014;FM;;;;;DVD;;BELLEY;Commune;PRESSE
;;;;JIMENEZ;CHRISTIAN;M;28/02/1950;CONSEILLER MUNICIPAL;22/03/2014;19/01/2015;DC;M;22/03/2014;19/01/2015;DC;DVD;;BELLEY;Commune;WIKIPEDIA
;;;;BERTHET;PIERRE;M;01/01/1949;CONSEILLER MUNICIPAL;22/03/2014;10/03/2020;FM;M;30/01/2015;10/03/2020;FM;DVD;;BELLEY;Commune;WIKIPEDIA
;;;;BERTHET;PIERRE;M;01/01/1949;CONSEILLER MUNICIPAL;13/03/1977;01/03/1983;FM;;;;;DVD;;BELLEY;Commune;PRESSE
;;;;BERTHET;PIERRE;M;01/01/1949;CONSEILLER MUNICIPAL;06/03/1983;10/03/1989;FM;;;;;DVD;;BELLEY;Commune;PRESSE
;;;;BERTHET;PIERRE;M;01/01/1949;CONSEILLER MUNICIPAL;11/06/1995;10/03/2001;FM;;;;;DVD;;BELLEY;Commune;PRESSE
;;;;BERTHET;PIERRE;M;01/01/1949;CONSEILLER MUNICIPAL;25/03/2001;05/02/2008;FM;;;;;DVD;;BELLEY;Commune;PRESSE
;;;;BERTHET;PIERRE;M;01/01/1949;CONSEILLER MUNICIPAL;17/03/2008;20/03/2014;FM;;;;;DVD;;BELLEY;Commune;PRESSE
;;;;LAHUERTA;DIMITRI;M;20/10/1980;CONSEILLER MUNICIPAL;20/03/2020;NA;FM;M;20/03/2020;NA;FM;DVD;;BELLEY;Commune;WIKIPEDIA
;;;;LAHUERTA;DIMITRI;M;20/10/1980;CONSEILLER MUNICIPAL;22/03/2014;10/03/2020;FM;;;;;DVD;;BELLEY;Commune;PRESSE
;NA;NA;NA;BARBEROT;PAUL;M;26/10/1915;CONSEILLER MUNICIPAL;08/03/1959;10/03/1965;FM;1er ADJOINT;08/03/1959;10/03/1965;FM;NA;NA;BOURG EN BRESSE;Commune;ARCHIVES
;NA;NA;NA;BARBEROT;PAUL;M;26/10/1915;CONSEILLER MUNICIPAL;14/03/1965;10/03/1971;FM;M;14/03/1965;10/03/1971;FM;NA;NA;BOURG EN BRESSE;Commune;ARCHIVES
;NA;NA;NA;BARBEROT;PAUL;M;26/10/1915;CONSEILLER MUNICIPAL;14/03/1971;10/03/1977;FM;M;14/03/1971;10/03/1977;FM;CNI/MOD;NA;BOURG EN BRESSE;Commune;ARCHIVES
;NA;NA;NA;BARBEROT;PAUL;M;26/10/1915;CONSEILLER MUNICIPAL;29/04/1945;10/10/1947;FM;NA;NA;NA;NA;NA;NA;BOURG EN BRESSE;Commune;ARCHIVES
;NA;NA;NA;BARBEROT;PAUL;M;26/10/1915;CONSEILLER MUNICIPAL;19/10/1947;20/04/1953;FM;NA;NA;NA;NA;NA;NA;BOURG EN BRESSE;Commune;ARCHIVES
;NA;NA;NA;BARBEROT;PAUL;M;26/10/1915;CONSEILLER MUNICIPAL;26/04/1953;05/03/1959;FM;NA;NA;NA;NA;NA;NA;BOURG EN BRESSE;Commune;ARCHIVES
;NA;NA;NA;BERTRAND;JEAN MICHEL;M;06/06/1943;CONSEILLER MUNICIPAL;12/03/1989;10/06/1995;FM;1er ADJOINT;12/03/1989;10/06/1995;FM;RPR;NA;BOURG EN BRESSE;Commune;WIKIPEDIA
;NA;NA;NA;BERTRAND;JEAN MICHEL;M;06/06/1943;CONSEILLER MUNICIPAL;11/06/1995;10/03/2001;FM;1er ADJOINT;11/06/1995;10/03/2001;FM;RPR;NA;BOURG EN BRESSE;Commune;WIKIPEDIA
;NA;NA;NA;BERTRAND;JEAN MICHEL;M;06/06/1943;CONSEILLER MUNICIPAL;25/03/2001;05/02/2008;FM;M;25/03/2001;05/02/2008;FM;NA;NA;BOURG EN BRESSE;Commune;WIKIPEDIA
;NA;NA;NA;BERTRAND;JEAN MICHEL;M;06/06/1943;CONSEILLER MUNICIPAL;06/03/1983;10/03/1989;FM;NA;NA;NA;NA;RPR;NA;BOURG EN BRESSE;Commune;WIKIPEDIA
RNE_0000794;794;NULL;PA267075;BLANC;ETIENNE;M;29/08/1954;CONSEILLER MUNICIPAL;14/03/1983;19/03/1989;FM;NA;NA;NA;NA;NA;NA;BOURG EN BRESSE;Commune;WIKIPEDIA
;NA;NA;NA;BRETON ;XAVIER;M;25/11/1962;CONSEILLER MUNICIPAL;25/03/2001;10/03/2008;FM;1er ADJOINT;25/03/2001;10/03/2008;FM;UMP;NA;BOURG EN BRESSE;Commune;WIKIPEDIA
;NA;NA;NA;BRETON ;XAVIER;M;25/11/1962;CONSEILLER MUNICIPAL;16/03/2008;20/03/2014;FM;NA;NA;NA;NA;UMP;NA;BOURG EN BRESSE;Commune;WIKIPEDIA
;NA;NA;NA;BRETON ;XAVIER;M;25/11/1962;CONSEILLER MUNICIPAL;23/03/2014;01/12/2015;DEMISSION;NA;NA;NA;NA;UMP;NA;BOURG EN BRESSE;Commune;WIKIPEDIA
;NA;NA;NA;BUISSON;JEROME;M;15/01/1973;CONSEILLER MUNICIPAL;22/03/2014;10/03/2020;FM;NA;NA;NA;NA;FN;NA;BOURG EN BRESSE;Commune;WIKIPEDIA
;NA;NA;NA;BUISSON;JEROME;M;15/01/1973;CONSEILLER MUNICIPAL;20/03/2020;25/07/2022;DM;NA;NA;NA;NA;RN;NA;BOURG EN BRESSE;Commune;WIKIPEDIA
;NA;NA;NA;GODIN;ANDRE;M;18/05/1942;CONSEILLER MUNICIPAL;13/03/1977;05/03/1983;FM;ADJOINT;13/03/1977;05/03/1983;FM;NA;NA;BOURG EN BRESSE;Commune;ARCHIVES
;NA;NA;NA;GODIN;ANDRE;M;18/05/1942;CONSEILLER MUNICIPAL;11/06/1995;10/03/2001;FM;M;11/06/1995;10/03/2001;FM;NA;NA;BOURG EN BRESSE;Commune;WIKIPEDIA
;NA;NA;NA;MAZUIR;RACHEL;M;12/02/1940;CONSEILLER MUNICIPAL;13/03/1977;01/03/1983;FM;NA;NA;NA;NA;SOC;NA;BOURG EN BRESSE;Commune;WIKIPEDIA
;NA;NA;NA;MAZUIR;RACHEL;M;12/02/1940;CONSEILLER MUNICIPAL;06/03/1983;10/03/1989;FM;NA;NA;NA;NA;SOC;NA;BOURG EN BRESSE;Commune;WIKIPEDIA
;NA;NA;NA;MAZUIR;RACHEL;M;12/02/1940;CONSEILLER MUNICIPAL;11/06/1995;10/03/2001;FM;NA;NA;NA;NA;SOC;NA;BOURG EN BRESSE;Commune;WIKIPEDIA
;NA;NA;NA;MERCIER;AMEDEE;M;02/12/1890;CONSEILLER MUNICIPAL;29/04/1945;10/10/1947;FM;M;29/04/1945;10/10/1947;FM;SFIO;NA;BOURG EN BRESSE;Commune;WIKIPEDIA
;NA;NA;NA;MERCIER;AMEDEE;M;02/12/1890;CONSEILLER MUNICIPAL;19/10/1947;10/04/1953;FM;M;19/10/1947;10/04/1953;FM;SFIO;NA;BOURG EN BRESSE;Commune;WIKIPEDIA
;NA;NA;NA;MERCIER;AMEDEE;M;02/12/1890;CONSEILLER MUNICIPAL;16/04/1953;01/03/1959;FM;M;16/04/1953;01/03/1959;FM;SFIO;NA;BOURG EN BRESSE;Commune;WIKIPEDIA
;NA;NA;NA;MERCIER;AMEDEE;M;02/12/1890;CONSEILLER MUNICIPAL;08/03/1959;10/03/1965;FM;M;08/03/1959;10/03/1965;FM;SFIO;NA;BOURG EN BRESSE;Commune;WIKIPEDIA
;NA;NA;NA;MORETEAU;JEAN;M;23/06/1942;CONSEILLER MUNICIPAL;01/02/1985;10/03/1989;FM;M;01/02/1985;10/03/1989;FM;NA;NA;BOURG EN BRESSE;Commune;WIKIPEDIA
;NA;NA;NA;MORETEAU;JEAN;M;23/06/1942;CONSEILLER MUNICIPAL;12/03/1989;10/06/1995;FM;NA;NA;NA;NA;NA;NA;BOURG EN BRESSE;Commune;WIKIPEDIA
;NA;NA;NA;MORETEAU;JEAN;M;23/06/1942;CONSEILLER MUNICIPAL;13/03/1977;05/03/1983;FM;1er ADJOINT;13/03/1977;05/03/1983;FM;NA;NA;BOURG EN BRESSE;Commune;WIKIPEDIA
;NA;NA;NA;MORIN;PAUL;M;29/06/1924;CONSEILLER MUNICIPAL;14/03/1971;10/03/1977;FM;ADJOINT;14/03/1971;10/03/1977;FM;UDF;NA;BOURG EN BRESSE;Commune;ARCHIVES
;NA;NA;NA;MORIN;PAUL;M;29/06/1924;CONSEILLER MUNICIPAL;13/03/1977;05/03/1983;FM;ADJOINT;13/03/1977;05/03/1983;FM;UDF;NA;BOURG EN BRESSE;Commune;WIKIPEDIA
;NA;NA;NA;MORIN;PAUL;M;29/06/1924;CONSEILLER MUNICIPAL;06/03/1983;10/03/1989;FM;ADJOINT;06/03/1983;10/03/1989;FM;NA;NA;BOURG EN BRESSE;Commune;WIKIPEDIA
;NA;NA;NA;MORIN;PAUL;M;29/06/1924;CONSEILLER MUNICIPAL;12/03/1989;10/06/1995;FM;M;12/03/1989;10/06/1995;FM;NA;NA;BOURG EN BRESSE;Commune;WIKIPEDIA
;NA;NA;NA;MORIN;PAUL;M;29/06/1924;CONSEILLER MUNICIPAL;19/10/1947;20/04/1953;FM;NA;NA;NA;NA;NA;NA;BOURG EN BRESSE;Commune;WIKIPEDIA
;NA;NA;NA;MORIN;PAUL;M;29/06/1924;CONSEILLER MUNICIPAL;26/04/1953;05/03/1959;FM;NA;NA;NA;NA;NA;NA;BOURG EN BRESSE;Commune;WIKIPEDIA
;NA;NA;NA;MORIN;PAUL;M;29/06/1924;CONSEILLER MUNICIPAL;08/03/1959;10/03/1965;FM;NA;NA;NA;NA;NA;NA;BOURG EN BRESSE;Commune;WIKIPEDIA
;NA;NA;NA;MORIN;PAUL;M;29/06/1924;CONSEILLER MUNICIPAL;14/03/1965;10/03/1971;FM;NA;NA;NA;NA;NA;NA;BOURG EN BRESSE;Commune;WIKIPEDIA
;NA;NA;NA;ROBIN ;LOUIS;M;01/05/1923;CONSEILLER MUNICIPAL;13/03/1977;05/03/1983;FM;M;13/03/1977;05/03/1983;FM;NA;NA;BOURG EN BRESSE;Commune;WIKIPEDIA
;NA;NA;NA;ROBIN ;LOUIS;M;01/05/1923;CONSEILLER MUNICIPAL;06/03/1983;01/01/1985;AU;M;06/03/1983;01/01/1985;AU;NA;NA;BOURG EN BRESSE;Commune;WIKIPEDIA
;NA;NA;NA;SAINT PIERRE;DOMINIQUE;M;10/11/1940;CONSEILLER MUNICIPAL;12/03/1989;10/06/1995;FM;NA;NA;NA;NA;NA;NA;BOURG EN BRESSE;Commune;WIKIPEDIA
;NA;NA;NA;SAINT PIERRE;DOMINIQUE;M;10/11/1940;CONSEILLER MUNICIPAL;11/06/1995;10/03/2001;FM;NA;NA;NA;NA;NA;NA;BOURG EN BRESSE;Commune;WIKIPEDIA
;;;;DEBAT;JEAN FRANCOIS;M;24/01/1966;CONSEILLER MUNICIPAL;16/03/2008;20/03/2014;FM;M;16/03/2008;20/03/2014;FM;SOC;;BOURG EN BRESSE;Commune;WIKIPEDIA
;;;;DEBAT;JEAN FRANCOIS;M;24/01/1966;CONSEILLER MUNICIPAL;22/03/2014;10/03/2020;FM;M;22/03/2014;10/03/2020;FM;SOC;;BOURG EN BRESSE;Commune;WIKIPEDIA
;;;;DEBAT;JEAN FRANCOIS;M;24/01/1966;CONSEILLER MUNICIPAL;20/03/2020;NA;NA;M;20/03/2020;NA;NA;SOC;;BOURG EN BRESSE;Commune;WIKIPEDIA
;;;;DEBAT;JEAN FRANCOIS;M;24/01/1966;CONSEILLER REGIONAL;28/03/2004;10/03/2010;FM;;;;;SOC;;AIN;Departement;WIKIPEDIA
;;;;DEBAT;JEAN FRANCOIS;M;24/01/1966;CONSEILLER REGIONAL;21/03/2010;10/12/2015;FM;VP;21/03/2010;10/12/2015;FM;SOC;;AIN;Departement;WIKIPEDIA
;;;;DEBAT;JEAN FRANCOIS;M;24/01/1966;CONSEILLER REGIONAL;13/12/2015;20/06/2021;FM;;;;;SOC;;AIN;Departement;WIKIPEDIA
;;;;DEBAT;JEAN FRANCOIS;M;24/01/1966;CONSEILLER REGIONAL;27/06/2021;NA;NA;;;;;SOC;;AIN;Departement;WIKIPEDIA
;NA;NA;NA;MAZUIR;RACHEL;M;12/02/1940;CONSEILLER DEPARTEMENTAL;02/10/1988;15/03/1994;FM;NA;NA;NA;NA;SOC;NA;BOURG EN BRESSE EST;Canton;WIKIPEDIA
;NA;NA;NA;MAZUIR;RACHEL;M;12/02/1940;CONSEILLER DEPARTEMENTAL;20/03/1994;10/03/2001;FM;NA;NA;NA;NA;SOC;NA;BOURG EN BRESSE EST;Canton;WIKIPEDIA
;NA;NA;NA;GODIN;ANDRE;M;18/05/1942;CONSEILLER DEPARTEMENTAL;07/03/1976;10/03/1982;FM;NA;NA;NA;NA;SOC;NA;BOURG EN BRESSE I;Canton;ARCHIVES
;NA;NA;NA;MORIN;PAUL;M;29/06/1924;CONSEILLER DEPARTEMENTAL;23/09/1973;01/03/1976;FM;NA;NA;NA;NA;NA;NA;BOURG EN BRESSE II;Canton;WIKIPEDIA
;NA;NA;NA;MORIN;PAUL;M;29/06/1924;CONSEILLER DEPARTEMENTAL;07/03/1976;10/03/1982;FM;NA;NA;NA;NA;UDF;NA;BOURG EN BRESSE II;Canton;ARCHIVES
;NA;NA;NA;MORIN;PAUL;M;29/06/1924;CONSEILLER DEPARTEMENTAL;25/09/1988;15/03/1994;FM;VP;25/09/1988;15/03/1994;FM;NA;NA;BOURG EN BRESSE NORD CENTRE;Canton;WIKIPEDIA
;NA;NA;NA;MORIN;PAUL;M;29/06/1924;CONSEILLER DEPARTEMENTAL;20/03/1994;10/03/2001;FM;VP;20/03/1994;10/03/2001;FM;NA;NA;BOURG EN BRESSE NORD CENTRE;Canton;WIKIPEDIA
;NA;NA;NA;MORIN;PAUL;M;29/06/1924;CONSEILLER DEPARTEMENTAL;14/03/1982;20/09/1988;FM;NA;NA;NA;NA;UDF;NA;BOURG EN BRESSE NORD CENTRE;Canton;ARCHIVES
;NA;NA;NA;CARRIER;MICHEL;M;02/10/1906;CONSEILLER DEPARTEMENTAL;20/04/1958;01/03/1964;FM;NA;NA;NA;NA;NA;NA;BRENOD;Canton;ARCHIVES
;NA;NA;NA;CARRIER;MICHEL;M;02/10/1906;CONSEILLER DEPARTEMENTAL;08/03/1964;20/09/1970;FM;NA;NA;NA;NA;NA;NA;BRENOD;Canton;ARCHIVES
;NA;NA;NA;CARRIER;MICHEL;M;02/10/1906;CONSEILLER DEPARTEMENTAL;23/09/1970;01/03/1976;FM;NA;NA;NA;NA;NA;NA;BRENOD;Canton;ARCHIVES
;NA;NA;NA;CARRIER;MICHEL;M;02/10/1906;CONSEILLER DEPARTEMENTAL;07/03/1976;01/12/1980;DM;NA;NA;NA;NA;UDF;NA;BRENOD;Canton;ARCHIVES
;NA;NA;NA;GOY-CHAVENT;SYLVIE;F;23/05/1963;CONSEILLER MUNICIPAL;23/03/2014;10/03/2020;FM;M;23/03/2014;01/01/2017;CUMUL;NA;NA;CERDON;Commune;WIKIPEDIA
;NA;NA;NA;GOY-CHAVENT;SYLVIE;F;23/05/1963;CONSEILLER MUNICIPAL;09/03/2008;20/03/2014;FM;M;09/03/2008;20/03/2014;FM;NA;NA;CERDON;Commune;WIKIPEDIA
;NA;NA;NA;GOY-CHAVENT;SYLVIE;F;23/05/1963;CONSEILLER MUNICIPAL;11/03/2001;01/03/2008;FM;M;11/03/2001;01/03/2008;FM;NA;NA;CERDON;Commune;WIKIPEDIA
;NA;NA;NA;GOY-CHAVENT;SYLVIE;F;23/05/1963;CONSEILLER MUNICIPAL;23/06/1995;10/03/2001;FM;M;23/06/1995;10/03/2001;NA;DVD;NA;CERDON;Commune;WIKIPEDIA
;NA;NA;NA;GOY-CHAVENT;SYLVIE;F;23/05/1963;CONSEILLER MUNICIPAL;01/03/1989;20/06/1995;FM;NA;NA;NA;NA;DVD;NA;CERDON;Commune;WIKIPEDIA
;NA;NA;NA;RAVASSARD;NOEL;M;25/07/1935;CONSEILLER DEPARTEMENTAL;18/03/1979;01/03/1985;FM;NA;NA;NA;NA;PS;NA;CHATILLON SUR CHALARONNE;Canton;ARCHIVES
;NA;NA;NA;RAVASSARD;NOEL;M;25/07/1935;CONSEILLER DEPARTEMENTAL;10/03/1985;15/03/1992;FM;NA;NA;NA;NA;PS;NA;CHATILLON SUR CHALARONNE;Canton;ARCHIVES
;NA;NA;NA;RAVASSARD;NOEL;M;25/07/1935;CONSEILLER DEPARTEMENTAL;22/03/1992;10/03/1998;FM;NA;NA;NA;NA;PS;NA;CHATILLON SUR CHALARONNE;Canton;ARCHIVES
;NA;NA;NA;RAVASSARD;NOEL;M;25/07/1935;CONSEILLER MUNICIPAL;12/03/1989;10/06/1995;FM;M;12/03/1989;10/06/1995;FM;PS;NA;CHATILLON SUR CHALARONNE;Commune;ARCHIVES
;NA;NA;NA;RAVASSARD;NOEL;M;25/07/1935;CONSEILLER MUNICIPAL;11/06/1995;10/03/2001;FM;M;11/06/1995;10/03/2001;FM;PS;NA;CHATILLON SUR CHALARONNE;Commune;ARCHIVES
;NA;NA;NA;RAVASSARD;NOEL;M;25/07/1935;CONSEILLER MUNICIPAL;11/03/2001;01/03/2008;FM;M;11/03/2001;01/03/2008;FM;PS;NA;CHATILLON SUR CHALARONNE;Commune;WIKIPEDIA
;NA;NA;NA;RAVASSARD;NOEL;M;25/07/1935;CONSEILLER MUNICIPAL;13/03/1977;16/04/1977;DM;NA;NA;NA;NA;PS;NA;CHATILLON SUR CHALARONNE;Commune;ARCHIVES
;NA;NA;NA;ROBIN ;LOUIS;M;01/05/1923;CONSEILLER DEPARTEMENTAL;17/04/1955;01/04/1961;FM;NA;NA;NA;NA;NA;NA;COLIGNY;Canton;WIKIPEDIA
;NA;NA;NA;ROBIN ;LOUIS;M;01/05/1923;CONSEILLER DEPARTEMENTAL;04/06/1961;20/09/1967;FM;NA;NA;NA;NA;NA;NA;COLIGNY;Canton;WIKIPEDIA
;NA;NA;NA;ROBIN ;LOUIS;M;01/05/1923;CONSEILLER DEPARTEMENTAL;24/09/1967;20/03/1973;FM;NA;NA;NA;NA;NA;NA;COLIGNY;Canton;WIKIPEDIA
;NA;NA;NA;ROBIN ;LOUIS;M;01/05/1923;CONSEILLER DEPARTEMENTAL;23/09/1973;10/03/1979;FM;NA;NA;NA;NA;NA;NA;COLIGNY;Canton;WIKIPEDIA
;NA;NA;NA;ANTHONIOZ;MARCEL;M;26/04/1911;CONSEILLER MUNICIPAL;01/01/1939;20/04/1945;FM;M;01/01/1939;20/04/1945;FM;CNI/MOD;NA;DIVONNE LES BAINS;Commune;ARCHIVES
;NA;NA;NA;ANTHONIOZ;MARCEL;M;26/04/1911;CONSEILLER MUNICIPAL;29/04/1945;10/10/1947;FM;M;29/04/1945;10/10/1947;FM;CNI/MOD;NA;DIVONNE LES BAINS;Commune;ARCHIVES
;NA;NA;NA;ANTHONIOZ;MARCEL;M;26/04/1911;CONSEILLER MUNICIPAL;19/10/1947;20/04/1953;FM;M;19/10/1947;20/04/1953;FM;CNI/MOD;NA;DIVONNE LES BAINS;Commune;ARCHIVES
;NA;NA;NA;ANTHONIOZ;MARCEL;M;26/04/1911;CONSEILLER MUNICIPAL;26/04/1953;05/03/1959;FM;M;26/04/1953;05/03/1959;FM;CNI/MOD;NA;DIVONNE LES BAINS;Commune;ARCHIVES
;NA;NA;NA;ANTHONIOZ;MARCEL;M;26/04/1911;CONSEILLER MUNICIPAL;08/03/1959;10/03/1965;FM;M;08/03/1959;10/03/1965;FM;CNI/MOD;NA;DIVONNE LES BAINS;Commune;ARCHIVES
;NA;NA;NA;ANTHONIOZ;MARCEL;M;26/04/1911;CONSEILLER MUNICIPAL;14/03/1965;10/03/1971;FM;M;14/03/1965;10/03/1971;FM;CNI/MOD;NA;DIVONNE LES BAINS;Commune;ARCHIVES
;NA;NA;NA;ANTHONIOZ;MARCEL;M;26/04/1911;CONSEILLER MUNICIPAL;14/03/1971;31/08/1976;FM;M;14/03/1971;31/08/1976;DC;REI;NA;DIVONNE LES BAINS;Commune;ARCHIVES
RNE_0000794;794;NULL;PA267075;BLANC;ETIENNE;M;29/08/1954;CONSEILLER MUNICIPAL;20/01/1991;05/06/1995;FM;M;20/01/1991;05/06/1995;FM;UDF;NA;DIVONNE LES BAINS;Commune;WIKIPEDIA
RNE_0000794;794;NULL;PA267075;BLANC;ETIENNE;M;29/08/1954;CONSEILLER MUNICIPAL;11/06/1995;10/03/2001;FM;M;11/06/1995;10/03/2001;FM;UDF;NA;DIVONNE LES BAINS;Commune;WIKIPEDIA
RNE_0000794;794;NULL;PA267075;BLANC;ETIENNE;M;29/08/1954;CONSEILLER MUNICIPAL;11/03/2001;01/03/2008;FM;M;11/03/2001;01/03/2008;FM;UDF;NA;DIVONNE LES BAINS;Commune;WIKIPEDIA
RNE_0000794;794;NULL;PA267075;BLANC;ETIENNE;M;29/08/1954;CONSEILLER MUNICIPAL;09/03/2008;20/03/2014;FM;M;09/03/2008;20/03/2014;FM;UDF;NA;DIVONNE LES BAINS;Commune;WIKIPEDIA
RNE_0000794;794;NULL;PA267075;BLANC;ETIENNE;M;29/08/1954;CONSEILLER MUNICIPAL;23/03/2014;01/02/2019;AU;M;23/03/2014;01/02/2019;AU;UDF;NA;DIVONNE LES BAINS;Commune;WIKIPEDIA
RNE_0000794;794;NULL;PA267075;BLANC;ETIENNE;M;29/08/1954;CONSEILLER MUNICIPAL;04/07/2020;NA;NA;;;;;UDF;;LYON;Commune;WIKIPEDIA
RNE_0000794;794;NULL;PA267075;BLANC;ETIENNE;M;29/08/1954;SENATEUR;27/09/2020;NA;NA;;;;;LR;NA;RHONE;Circonscription legislative;WIKIPEDIA
RNE_0000794;794;NULL;PA267075;BLANC;ETIENNE;M;29/08/1954;DEPUTE;16/06/2002;10/06/2007;FM;;;;;LR;;3EME CIRCONSCRIPTION AIN;Circonscription legislative;WIKIPEDIA
RNE_0000794;794;NULL;PA267075;BLANC;ETIENNE;M;29/08/1954;DEPUTE;17/06/2007;10/06/2012;FM;;;;;LR;;3EME CIRCONSCRIPTION AIN;Circonscription legislative;WIKIPEDIA
RNE_0000794;794;NULL;PA267075;BLANC;ETIENNE;M;29/08/1954;DEPUTE;17/06/2012;10/03/2016;AU;;;;;LR;;3EME CIRCONSCRIPTION AIN;Circonscription legislative;WIKIPEDIA
;;;;SCATTOLIN;VINCENT;M;27/01/1979;CONSEILLER MUNICIPAL;09/03/2008;20/03/2014;FM;ADJOINT;09/03/2008;20/03/2014;FM;DVD;;DIVONNE LES BAINS;Commune;WIKIPEDIA
;;;;SCATTOLIN;VINCENT;M;27/01/1979;CONSEILLER MUNICIPAL;23/03/2014;10/03/2020;FM;M;15/02/2019;10/03/2020;FM;DVD;;DIVONNE LES BAINS;Commune;WIKIPEDIA
;;;;SCATTOLIN;VINCENT;M;27/01/1979;CONSEILLER MUNICIPAL;;;;;;;;DVD;;DIVONNE LES BAINS;Commune;WIKIPEDIA
;NA;NA;NA;PROST;JEAN;M;26/10/1925;CONSEILLER MUNICIPAL;14/03/1965;10/03/1971;FM;ADJOINT;14/03/1965;10/03/1971;FM;NA;NA;DIVONNE LES BAINS;Commune;ARCHIVES
;NA;NA;NA;PROST;JEAN;M;26/10/1925;CONSEILLER MUNICIPAL;14/03/1971;10/03/1977;FM;ADJOINT;14/03/1971;17/10/1976;AM;NA;NA;DIVONNE LES BAINS;Commune;ARCHIVES
;NA;NA;NA;PROST;JEAN;M;26/10/1925;CONSEILLER MUNICIPAL;14/03/1971;10/03/1977;FM;M;17/10/1976;10/03/1977;FM;REI;NA;DIVONNE LES BAINS;Commune;ARCHIVES
;NA;NA;NA;PROST;JEAN;M;26/10/1925;CONSEILLER MUNICIPAL;13/03/1977;05/03/1983;FM;M;13/03/1977;05/03/1983;FM;UDF;NA;DIVONNE LES BAINS;Commune;WIKIPEDIA
;NA;NA;NA;PROST;JEAN;M;26/10/1925;CONSEILLER MUNICIPAL;06/03/1983;10/03/1989;FM;M;06/03/1983;10/03/1989;FM;UDF;NA;DIVONNE LES BAINS;Commune;WIKIPEDIA
;NA;NA;NA;PROST;JEAN;M;26/10/1925;CONSEILLER MUNICIPAL;08/03/1959;10/03/1965;FM;NA;NA;NA;NA;NA;NA;DIVONNE LES BAINS;Commune;ARCHIVES
;NA;NA;NA;PRUVOST;JEAN CLAUDE;M;NA;CONSEILLER MUNICIPAL;12/03/1989;01/12/1990;NA;M;12/03/1989;01/12/1990;NA;GE;NA;DIVONNE LES BAINS;Commune;WIKIPEDIA
;NA;NA;NA;HECLER;ALBERT;M;01/01/1889;CONSEILLER DEPARTEMENTAL;23/09/1945;05/10/1951;FM;NA;NA;NA;NA;RADICAL;NA;FERNEY VOLTAIRE;Canton;ARCHIVES
;NA;NA;NA;HECLER;ALBERT;M;01/01/1889;CONSEILLER DEPARTEMENTAL;07/10/1951;20/04/1958;FM;NA;NA;NA;NA;RADICAL;NA;FERNEY VOLTAIRE;Canton;ARCHIVES
;NA;NA;NA;HECLER;ALBERT;M;01/01/1889;CONSEILLER DEPARTEMENTAL;20/04/1958;01/04/1961;FM;NA;NA;NA;NA;RADICAL;NA;FERNEY VOLTAIRE;Canton;ARCHIVES
;NA;NA;NA;MEYLAN;PASCAL;M;01/05/1935;CONSEILLER DEPARTEMENTAL;10/03/1985;20/03/1992;FM;NA;NA;NA;NA;UDF;NA;FERNEY VOLTAIRE;Canton;WIKIPEDIA
;NA;NA;NA;MEYLAN;PASCAL;M;01/05/1935;CONSEILLER DEPARTEMENTAL;22/03/1992;10/03/1998;FM;NA;NA;NA;NA;UDF;NA;FERNEY VOLTAIRE;Canton;WIKIPEDIA
SEN_058928D;NULL;58928D;NULL;RUET;ROLAND;M;29/10/1921;CONSEILLER DEPARTEMENTAL;23/09/1973;10/03/1979;FM;P;07/03/1976;10/03/1979;FM;NA;NA;FERNEY VOLTAIRE;Canton;WIKIPEDIA
SEN_058928D;NULL;58928D;NULL;RUET;ROLAND;M;29/10/1921;CONSEILLER DEPARTEMENTAL;18/03/1979;05/03/1985;FM;P;18/03/1979;28/03/1984;DM;RPR;NA;FERNEY VOLTAIRE;Canton;WIKIPEDIA
SEN_058928D;NULL;58928D;NULL;RUET;ROLAND;M;29/10/1921;CONSEILLER DEPARTEMENTAL;04/06/1961;20/09/1967;FM;NA;NA;NA;NA;NA;NA;FERNEY VOLTAIRE;Canton;WIKIPEDIA
SEN_058928D;NULL;58928D;NULL;RUET;ROLAND;M;29/10/1921;CONSEILLER DEPARTEMENTAL;24/09/1967;20/09/1973;FM;NA;NA;NA;NA;NA;NA;FERNEY VOLTAIRE;Canton;WIKIPEDIA
;NA;NA;NA;HECLER;ALBERT;M;01/01/1889;CONSEILLER MUNICIPAL;01/01/1931;01/05/1935;FM;M;01/01/1931;01/05/1935;FM;RADICAL;NA;FERNEY VOLTAIRE;Commune;WIKIPEDIA
;NA;NA;NA;HECLER;ALBERT;M;01/01/1889;CONSEILLER MUNICIPAL;05/05/1935;20/04/1945;FM;M;05/05/1935;20/04/1945;FM;RADICAL;NA;FERNEY VOLTAIRE;Commune;WIKIPEDIA
;NA;NA;NA;HECLER;ALBERT;M;01/01/1889;CONSEILLER MUNICIPAL;29/04/1945;10/10/1947;FM;M;29/04/1945;10/10/1947;FM;RADICAL;NA;FERNEY VOLTAIRE;Commune;WIKIPEDIA
;NA;NA;NA;HECLER;ALBERT;M;01/01/1889;CONSEILLER MUNICIPAL;19/10/1947;20/04/1953;FM;M;19/10/1947;20/04/1953;FM;RADICAL;NA;FERNEY VOLTAIRE;Commune;WIKIPEDIA
;NA;NA;NA;HECLER;ALBERT;M;01/01/1889;CONSEILLER MUNICIPAL;26/04/1953;01/03/1959;FM;M;26/04/1953;01/03/1959;FM;RADICAL;NA;FERNEY VOLTAIRE;Commune;WIKIPEDIA
;NA;NA;NA;MEYLAN;PASCAL;M;01/05/1935;CONSEILLER MUNICIPAL;14/03/1971;10/03/1977;FM;M;14/03/1971;10/03/1977;FM;CDP;NA;FERNEY VOLTAIRE;Commune;ARCHIVES
;NA;NA;NA;MEYLAN;PASCAL;M;01/05/1935;CONSEILLER MUNICIPAL;13/03/1977;05/03/1983;FM;M;13/03/1977;05/03/1983;FM;UDF;NA;FERNEY VOLTAIRE;Commune;WIKIPEDIA
;NA;NA;NA;MEYLAN;PASCAL;M;01/05/1935;CONSEILLER MUNICIPAL;06/03/1983;10/03/1989;FM;M;06/03/1983;10/03/1989;FM;UDF;NA;FERNEY VOLTAIRE;Commune;WIKIPEDIA
;NA;NA;NA;MEYLAN;PASCAL;M;01/05/1935;CONSEILLER MUNICIPAL;12/03/1989;10/06/1995;FM;M;01/01/1991;10/06/1995;FM;UDF;NA;FERNEY VOLTAIRE;Commune;WIKIPEDIA
SEN_058928D;NULL;58928D;NULL;RUET;ROLAND;M;29/10/1921;CONSEILLER MUNICIPAL;08/03/1959;10/03/1965;FM;M;08/03/1959;10/03/1965;FM;CNI/MOD;NA;FERNEY VOLTAIRE;Commune;ARCHIVES
SEN_058928D;NULL;58928D;NULL;RUET;ROLAND;M;29/10/1921;CONSEILLER MUNICIPAL;14/03/1965;10/03/1971;FM;M;14/03/1965;10/03/1971;FM;CNI/MOD;NA;FERNEY VOLTAIRE;Commune;WIKIPEDIA
;NA;NA;NA;VIANES;GEORGES;M;17/06/1938;CONSEILLER MUNICIPAL;11/06/1995;10/03/2001;FM;M;11/06/1995;10/03/2001;FM;SOC;NA;FERNEY VOLTAIRE;Commune;WIKIPEDIA
;NA;NA;NA;VIANES;GEORGES;M;17/06/1938;CONSEILLER MUNICIPAL;11/03/2001;01/01/2002;DM;NA;NA;NA;NA;NA;NA;FERNEY VOLTAIRE;Commune;WIKIPEDIA
;;;;DUTY;PIERRE ETIENNE;M;;CONSEILLER MUNICIPAL;11/03/2001;01/03/2008;FM;M;11/03/2001;01/03/2008;FM;DVD;;FERNEY VOLTAIRE;Commune;WIKIPEDIA
;;;;MEYLAN;FRANCOIS;M;01/01/1944;CONSEILLER MUNICIPAL;13/03/1977;05/03/1983;FM;;;;;DVG;;VERSONNEX;Commune;PRESSE
;;;;MEYLAN;FRANCOIS;M;01/01/1944;CONSEILLER MUNICIPAL;06/03/1983;10/03/1989;FM;;;;;DVG;;VERSONNEX;Commune;PRESSE
;;;;MEYLAN;FRANCOIS;M;01/01/1944;CONSEILLER MUNICIPAL;12/03/1989;10/06/1995;FM;;;;;DVG;;VERSONNEX;Commune;PRESSE
;;;;MEYLAN;FRANCOIS;M;01/01/1944;CONSEILLER MUNICIPAL;11/06/1995;10/03/2001;FM;;;;;DVG;;FERNEY VOLTAIRE;Commune;PRESSE
;;;;MEYLAN;FRANCOIS;M;01/01/1944;CONSEILLER MUNICIPAL;11/03/2001;01/03/2008;FM;;;;;DVG;;FERNEY VOLTAIRE;Commune;PRESSE
;;;;MEYLAN;FRANCOIS;M;01/01/1944;CONSEILLER MUNICIPAL;09/03/2008;20/03/2014;FM;M;09/03/2008;20/03/2014;FM;DVG;;FERNEY VOLTAIRE;Commune;PRESSE
;;;;MEYLAN;FRANCOIS;M;01/01/1944;CONSEILLER MUNICIPAL;23/03/2014;10/03/2020;FM;;;;;DVG;;FERNEY VOLTAIRE;Commune;PRESSE
;;;;MEYLAN;FRANCOIS;M;01/01/1944;CONSEILLER MUNICIPAL;20/03/2020;NA;NA;;;;;DVG;;FERNEY VOLTAIRE;Commune;PRESSE
;;;;RAPHOZ;DANIEL;M;06/12/1955;CONSEILLER MUNICIPAL;23/03/2014;10/03/2020;FM;M;23/03/2014;10/03/2020;FM;UDI;;FERNEY VOLTAIRE;Commune;WIKIPEDIA
;;;;RAPHOZ;DANIEL;M;06/12/1955;CONSEILLER MUNICIPAL;20/03/2020;NA;NA;M;20/03/2020;NA;NA;UDI;;FERNEY VOLTAIRE;Commune;WIKIPEDIA
;;;;RAPHOZ;DANIEL;M;06/12/1955;CONSEILLER DEPARTEMENTAL;29/03/2015;20/06/2021;FM;;;;;;;FERNEY VOLTAIRE;Canton;WIKIPEDIA
;NA;NA;NA;ANTHONIOZ;MARCEL;M;26/04/1911;CONSEILLER DEPARTEMENTAL;07/10/1951;15/04/1958;FM;VP;07/10/1951;15/04/1958;FM;NA;NA;GEX;Canton;WIKIPEDIA
;NA;NA;NA;ANTHONIOZ;MARCEL;M;26/04/1911;CONSEILLER DEPARTEMENTAL;20/04/1958;01/03/1964;FM;VP;20/04/1958;01/03/1964;FM;NA;NA;GEX;Canton;WIKIPEDIA
;NA;NA;NA;ANTHONIOZ;MARCEL;M;26/04/1911;CONSEILLER DEPARTEMENTAL;08/03/1964;20/09/1970;FM;VP;08/03/1964;20/09/1970;FM;NA;NA;GEX;Canton;WIKIPEDIA
;NA;NA;NA;ANTHONIOZ;MARCEL;M;26/04/1911;CONSEILLER DEPARTEMENTAL;23/09/1970;05/03/1976;DC;VP;23/09/1970;05/03/1976;DC;NA;NA;GEX;Canton;WIKIPEDIA
;NA;NA;NA;ANTHONIOZ;MARCEL;M;26/04/1911;CONSEILLER DEPARTEMENTAL;23/09/1945;05/10/1951;FM;NA;NA;NA;NA;NA;NA;GEX;Canton;WIKIPEDIA
;NA;NA;NA;NICOD;MICHEL;M;08/10/1939;CONSEILLER DEPARTEMENTAL;25/09/1988;10/03/1994;FM;NA;NA;NA;NA;NA;NA;GEX;Canton;WIKIPEDIA
;NA;NA;NA;NICOD;MICHEL;M;08/10/1939;CONSEILLER DEPARTEMENTAL;20/03/1994;10/03/2001;FM;NA;NA;NA;NA;NA;NA;GEX;Canton;WIKIPEDIA
RNE_0106761;106761;NULL;NULL;PAOLI;GERARD;M;09/03/1945;CONSEILLER DEPARTEMENTAL;11/03/2001;01/03/2008;FM;NA;NA;NA;NA;NA;NA;GEX;Canton;WIKIPEDIA
;NA;NA;NA;PROST;JEAN;M;26/10/1925;CONSEILLER DEPARTEMENTAL;30/11/1976;10/03/1982;FM;NA;NA;NA;NA;UDF;NA;GEX;Canton;ARCHIVES
;NA;NA;NA;PROST;JEAN;M;26/10/1925;CONSEILLER DEPARTEMENTAL;14/03/1982;20/09/1988;FM;NA;NA;NA;NA;NA;NA;GEX;Canton;WIKIPEDIA
;NA;NA;NA;ANDRE;RENE;M;NA;CONSEILLER MUNICIPAL;01/02/1976;01/03/1983;FM;M;01/02/1976;01/03/1983;FM;NA;NA;GEX;Commune;WIKIPEDIA
;NA;NA;NA;CADOZ;MARIUS;M;30/12/1914;CONSEILLER MUNICIPAL;19/10/1947;20/04/1953;FM;M;19/10/1947;20/04/1953;FM;RADICAL;NA;GEX;Commune;ARCHIVES
;NA;NA;NA;CADOZ;MARIUS;M;30/12/1914;CONSEILLER MUNICIPAL;26/04/1953;05/03/1959;FM;M;26/04/1953;05/03/1959;FM;DVG;NA;GEX;Commune;ARCHIVES
;NA;NA;NA;CADOZ;MARIUS;M;30/12/1914;CONSEILLER MUNICIPAL;08/03/1959;10/03/1965;FM;M;08/03/1959;10/03/1965;FM;DVG;NA;GEX;Commune;ARCHIVES
;NA;NA;NA;CADOZ;MARIUS;M;30/12/1914;CONSEILLER MUNICIPAL;14/03/1965;10/03/1971;FM;M;14/03/1965;10/03/1971;FM;DVG;NA;GEX;Commune;ARCHIVES
;NA;NA;NA;CADOZ;MARIUS;M;30/12/1914;CONSEILLER MUNICIPAL;14/03/1971;01/01/1976;DC;M;14/03/1971;01/01/1976;DC;DVG;NA;GEX;Commune;ARCHIVES
;NA;NA;NA;CADOZ;MARIUS;M;30/12/1914;CONSEILLER MUNICIPAL;29/04/1945;10/10/1947;FM;NA;NA;NA;NA;RADICAL;NA;GEX;Commune;ARCHIVES
;NA;NA;NA;NICOD;MICHEL;M;NA;CONSEILLER MUNICIPAL;06/03/1983;10/03/1989;FM;M;06/03/1983;10/03/1989;FM;NA;NA;GEX;Commune;WIKIPEDIA
;NA;NA;NA;NICOD;MICHEL;M;NA;CONSEILLER MUNICIPAL;12/03/1989;10/06/1995;FM;M;12/03/1989;10/06/1995;FM;NA;NA;GEX;Commune;WIKIPEDIA
RNE_0106761;106761;NULL;NULL;PAOLI;GERARD;M;09/03/1945;CONSEILLER MUNICIPAL;11/06/1995;10/03/2001;FM;M;11/06/1995;10/03/2001;FM;DVD;NA;GEX;Commune;WIKIPEDIA
RNE_0106761;106761;NULL;NULL;PAOLI;GERARD;M;09/03/1945;CONSEILLER MUNICIPAL;11/03/2001;01/03/2008;FM;M;11/03/2001;01/03/2008;FM;DVD;;GEX;Commune;WIKIPEDIA
RNE_0106761;106761;NULL;NULL;PAOLI;GERARD;M;09/03/1945;CONSEILLER MUNICIPAL;09/03/2008;20/03/2014;FM;M;09/03/2008;20/03/2014;FM;DVD;;GEX;Commune;WIKIPEDIA
;;;;DUNAND;PASCAL;M;15/10/1968;CONSEILLER MUNICIPAL;23/03/2014;10/03/2020;FM;M;23/03/2014;10/03/2020;FM;DVD;;GEX;Commune;WIKIPEDIA
;;;;DUNAND;PASCAL;M;15/10/1968;CONSEILLER MUNICIPAL;20/03/2020;NA;NA;M;20/03/2020;NA;NA;DVD;;GEX;Commune;WIKIPEDIA
SEN_058913V;NULL;58913V;NULL;DE LA VERPILLIERE;GUY;M;09/08/1922;CONSEILLER DEPARTEMENTAL;07/03/1976;10/03/1982;FM;VP;NA;NA;NA;UDF;NA;LAGNIEU;Canton;ARCHIVES
SEN_058913V;NULL;58913V;NULL;DE LA VERPILLIERE;GUY;M;09/08/1922;CONSEILLER DEPARTEMENTAL;20/04/1958;05/03/1964;FM;NA;NA;NA;NA;NA;NA;LAGNIEU;Canton;WIKIPEDIA
SEN_058913V;NULL;58913V;NULL;DE LA VERPILLIERE;GUY;M;09/08/1922;CONSEILLER DEPARTEMENTAL;08/03/1964;20/09/1970;FM;NA;NA;NA;NA;NA;NA;LAGNIEU;Canton;WIKIPEDIA
SEN_058913V;NULL;58913V;NULL;DE LA VERPILLIERE;GUY;M;09/08/1922;CONSEILLER DEPARTEMENTAL;23/03/1970;05/03/1976;FM;NA;NA;NA;NA;NA;NA;LAGNIEU;Canton;WIKIPEDIA
SEN_058913V;NULL;58913V;NULL;DE LA VERPILLIERE;GUY;M;09/08/1922;CONSEILLER DEPARTEMENTAL;14/03/1982;20/09/1988;FM;NA;NA;NA;NA;NA;NA;LAGNIEU;Canton;WIKIPEDIA
RNE_0106732;106732;NULL;PA1012;DE LA VERPILLIERE;CHARLES;M;31/05/1954;CONSEILLER DEPARTEMENTAL;25/09/1988;15/03/1994;FM;NA;NA;NA;NA;NA;NA;LAGNIEU;Canton;WIKIPEDIA
RNE_0106732;106732;NULL;PA1012;DE LA VERPILLIERE;CHARLES;M;31/05/1954;CONSEILLER DEPARTEMENTAL;20/03/1994;10/03/2001;FM;NA;NA;NA;NA;NA;NA;LAGNIEU;Canton;WIKIPEDIA
RNE_0106732;106732;NULL;PA1012;DE LA VERPILLIERE;CHARLES;M;31/05/1954;CONSEILLER DEPARTEMENTAL;11/03/2001;01/03/2008;FM;P;23/03/2004;01/03/2008;FM;NA;NA;LAGNIEU;Canton;WIKIPEDIA
RNE_0106732;106732;NULL;PA1012;DE LA VERPILLIERE;CHARLES;M;31/05/1954;CONSEILLER DEPARTEMENTAL;09/03/2008;20/03/2015;FM;NA;NA;NA;NA;NA;NA;LAGNIEU;Canton;WIKIPEDIA
RNE_0106732;106732;NULL;PA1012;DE LA VERPILLIERE;CHARLES;M;31/05/1954;CONSEILLER DEPARTEMENTAL;29/03/2015;20/06/2021;FM;NA;NA;NA;NA;NA;NA;LAGNIEU;Canton;WIKIPEDIA
RNE_0106732;106732;NULL;PA1012;DE LA VERPILLIERE;CHARLES;M;31/05/1954;CONSEILLER DEPARTEMENTAL;27/06/2021;NA;NA;NA;NA;NA;NA;NA;NA;LAGNIEU;Canton;WIKIPEDIA
SEN_058913V;NULL;58913V;NULL;DE LA VERPILLIERE;GUY;M;09/08/1922;CONSEILLER MUNICIPAL;14/02/1963;10/03/1965;FM;M;14/02/1963;10/03/1965;FM;CNI;NA;LAGNIEU;Commune;ARCHIVES
SEN_058913V;NULL;58913V;NULL;DE LA VERPILLIERE;GUY;M;09/08/1922;CONSEILLER MUNICIPAL;14/03/1965;10/03/1971;FM;M;14/03/1965;10/03/1971;FM;REI;NA;LAGNIEU;Commune;ARCHIVES
SEN_058913V;NULL;58913V;NULL;DE LA VERPILLIERE;GUY;M;09/08/1922;CONSEILLER MUNICIPAL;14/03/1971;10/03/1977;FM;M;14/03/1971;10/03/1977;FM;REI;NA;LAGNIEU;Commune;ARCHIVES
SEN_058913V;NULL;58913V;NULL;DE LA VERPILLIERE;GUY;M;09/08/1922;CONSEILLER MUNICIPAL;13/03/1977;01/03/1983;FM;M;13/03/1977;01/03/1983;FM;UDF;NA;LAGNIEU;Commune;WIKIPEDIA
SEN_058913V;NULL;58913V;NULL;DE LA VERPILLIERE;GUY;M;09/08/1922;CONSEILLER MUNICIPAL;06/03/1983;10/03/1989;FM;M;06/03/1983;10/03/1989;FM;UDF;NA;LAGNIEU;Commune;WIKIPEDIA
SEN_058913V;NULL;58913V;NULL;DE LA VERPILLIERE;GUY;M;09/08/1922;CONSEILLER MUNICIPAL;12/03/1989;10/06/1995;FM;M;12/03/1989;10/06/1995;FM;UDF;NA;LAGNIEU;Commune;WIKIPEDIA
RNE_0106732;106732;NULL;PA1012;DE LA VERPILLIERE;CHARLES;M;31/05/1954;CONSEILLER MUNICIPAL;11/06/1995;10/03/2001;FM;M;11/06/1995;10/03/2001;FM;UDF;NA;LAGNIEU;Commune;WIKIPEDIA
RNE_0106732;106732;NULL;PA1012;DE LA VERPILLIERE;CHARLES;M;31/05/1954;CONSEILLER MUNICIPAL;11/03/2001;28/03/2004;NA;M;11/03/2001;28/03/2004;AU;UMP;NA;LAGNIEU;Commune;WIKIPEDIA
;NA;NA;NA;DAUBIE;ROMAIN;M;05/05/1980;CONSEILLER DEPARTEMENTAL;29/03/2015;10/06/2021;FM;NA;NA;NA;NA;REP;NA;MEXIMIEUX;Canton;WIKIPEDIA
;NA;NA;NA;DAUBIE;ROMAIN;M;05/05/1980;CONSEILLER DEPARTEMENTAL;27/06/2021;NA;NA;NA;NA;NA;NA;REP;NA;MEXIMIEUX;Canton;WIKIPEDIA
;NA;NA;NA;BEAUFORT;JEAN;M;04/02/1928;CONSEILLER DEPARTEMENTAL;14/03/1982;01/03/1985;FM;NA;NA;NA;NA;DVD;NA;MIRIBEL;Canton;WIKIPEDIA
;NA;NA;NA;BEAUFORT;JEAN;M;04/02/1928;CONSEILLER DEPARTEMENTAL;17/03/1985;10/03/1992;FM;NA;NA;NA;NA;NA;NA;MIRIBEL;Canton;WIKIPEDIA
;NA;NA;NA;BEAUFORT;JEAN;M;04/02/1928;CONSEILLER DEPARTEMENTAL;29/03/1992;10/03/1998;FM;NA;NA;NA;NA;NA;NA;MIRIBEL;Canton;WIKIPEDIA
RNE_0106690;106690;08059E;NULL;BERTHOU;JACQUES;M;03/03/1940;CONSEILLER DEPARTEMENTAL;15/03/1998;15/03/2004;FM;NA;NA;NA;NA;SOC;NA;MIRIBEL;Canton;WIKIPEDIA
RNE_0106690;106690;08059E;NULL;BERTHOU;JACQUES;M;03/03/1940;CONSEILLER DEPARTEMENTAL;21/03/2004;01/01/2008;DM;NA;NA;NA;NA;SOC;NA;MIRIBEL;Canton;WIKIPEDIA
;NA;NA;NA;BEAUFORT;JEAN;M;04/02/1928;CONSEILLER MUNICIPAL;13/03/1977;05/03/1983;FM;ADJOINT;13/03/1977;05/03/1983;FM;DVD;NA;MIRIBEL;Commune;ARCHIVES
;NA;NA;NA;BEAUFORT;JEAN;M;04/02/1928;CONSEILLER MUNICIPAL;06/03/1983;10/03/1989;FM;M;06/03/1983;10/03/1989;FM;NA;NA;MIRIBEL;Commune;WIKIPEDIA
;NA;NA;NA;BEAUFORT;JEAN;M;04/02/1928;CONSEILLER MUNICIPAL;12/03/1989;10/06/1995;FM;M;12/03/1989;10/06/1995;FM;NA;NA;MIRIBEL;Commune;WIKIPEDIA
;NA;NA;NA;BEAUFORT;JEAN;M;04/02/1928;CONSEILLER MUNICIPAL;14/03/1971;10/03/1977;FM;NA;NA;NA;NA;DVD;NA;MIRIBEL;Commune;ARCHIVES
RNE_0106690;106690;08059E;NULL;BERTHOU;JACQUES;M;03/03/1940;CONSEILLER MUNICIPAL;11/06/1995;10/03/2001;FM;M;11/06/1995;10/03/2001;FM;SOC;NA;MIRIBEL;Commune;WIKIPEDIA
RNE_0106690;106690;08059E;NULL;BERTHOU;JACQUES;M;03/03/1940;CONSEILLER MUNICIPAL;06/03/1983;10/03/1989;FM;NA;NA;NA;NA;DVG;NA;MIRIBEL;Commune;WIKIPEDIA
RNE_0106690;106690;08059E;NULL;BERTHOU;JACQUES;M;03/03/1940;CONSEILLER MUNICIPAL;11/03/2001;01/03/2008;FM;M;11/03/2001;01/03/2008;FM;DVG;;MIRIBEL;Commune;WIKIPEDIA
RNE_0106690;106690;08059E;NULL;BERTHOU;JACQUES;M;03/03/1940;CONSEILLER MUNICIPAL;09/03/2008;20/03/2014;FM;M;09/03/2008;20/03/2014;FM;DVG;;MIRIBEL;Commune;WIKIPEDIA
;;;;VIRICEL;SYLVIE;F;01/01/1958;CONSEILLER MUNICIPAL;11/03/2001;01/03/2008;FM;ADJOINT;11/03/2001;01/03/2008;FM;DVG;;MIRIBEL;Commune;WIKIPEDIA
;;;;VIRICEL;SYLVIE;F;01/01/1958;CONSEILLER MUNICIPAL;09/03/2008;20/03/2014;FM;1er ADJOINT;09/03/2008;20/03/2014;FM;DVG;;MIRIBEL;Commune;WIKIPEDIA
;;;;VIRICEL;SYLVIE;F;01/01/1958;CONSEILLER MUNICIPAL;22/03/2014;10/03/2020;FM;M;22/03/2014;10/03/2020;FM;DVG;;MIRIBEL;Commune;WIKIPEDIA
;;;;VIRICEL;SYLVIE;F;01/01/1958;CONSEILLER MUNICIPAL;20/03/2020;NA;NA;;;;;DVG;;MIRIBEL;Commune;WIKIPEDIA
;;;;GAITET;JEAN PIERRE;M;21/01/1954;CONSEILLER MUNICIPAL;20/03/2020;NA;NA;M;20/03/2020;NA;NA;DVD;;MIRIBEL;Commune;WIKIPEDIA
;;;;GAITET;JEAN PIERRE;M;21/01/1954;CONSEILLER DEPARTEMENTAL;29/03/2015;10/06/2021;FM;;;;;DVD;;MIRIBEL;Canton;WIKIPEDIA
;;;;GAITET;JEAN PIERRE;M;21/01/1954;CONSEILLER DEPARTEMENTAL;27/06/2021;NA;NA;;;;;DVD;;MIRIBEL;Canton;WIKIPEDIA
;NA;NA;NA;BILLANDON;CHARLES;M;24/12/1921;CONSEILLER MUNICIPAL;14/03/1971;10/03/1977;FM;M;14/03/1971;10/03/1977;FM;DVG;NA;MIRIBEL;Commune;ARCHIVES
;NA;NA;NA;BILLANDON;CHARLES;M;24/12/1921;CONSEILLER MUNICIPAL;13/03/1977;05/03/1983;FM;M;13/03/1977;05/03/1983;FM;DVG;NA;MIRIBEL;Commune;WIKIPEDIA
;NA;NA;NA;MEIFFRE;JEAN CHARLES;M;18/04/1908;CONSEILLER MUNICIPAL;08/03/1959;10/03/1965;FM;M;08/03/1959;10/03/1965;FM;RADICAL;NA;MIRIBEL;Commune;ARCHIVES
;NA;NA;NA;MEIFFRE;JEAN CHARLES;M;18/04/1908;CONSEILLER MUNICIPAL;14/03/1965;10/03/1971;FM;M;14/03/1965;10/03/1971;FM;RADICAL;NA;MIRIBEL;Commune;WIKIPEDIA
;NA;NA;NA;DAUBIE;ROMAIN;M;05/05/1980;CONSEILLER MUNICIPAL;22/03/2014;10/03/2020;FM;M;22/03/2014;10/03/2020;FM;REP;NA;MONTLUEL;Commune;WIKIPEDIA
;NA;NA;NA;DAUBIE;ROMAIN;M;05/05/1980;CONSEILLER MUNICIPAL;20/03/2020;29/08/2022;DM;M;20/03/2020;29/08/2022;CUMUL;REP;NA;MONTLUEL;Commune;WIKIPEDIA
;NA;NA;NA;BARBEROT;PAUL;M;26/10/1915;CONSEILLER DEPARTEMENTAL;23/09/1970;01/03/1976;FM;NA;NA;NA;NA;MRP;NA;NA;Canton;WIKIPEDIA
;NA;NA;NA;GODIN;ANDRE;M;18/05/1942;DEPUTE;01/06/1997;05/06/2002;FM;NA;NA;NA;NA;NA;NA;NA;Circonscription legislative;WIKIPEDIA
;NA;NA;NA;ABAD;DAMIEN;M;05/04/1980;REPRESENTANT EUROPEN;07/06/2009;17/06/2012;NA;NA;NA;NA;NA;NA;NA;NA;NA;WIKIPEDIA
;NA;NA;NA;GUICHON;LUCIEN;M;09/02/1932;CONSEILLER DEPARTEMENTAL;22/03/1985;27/06/1988;FM;VP;22/03/1985;27/06/1988;FM;RPR;NA;NA;NA;WIKIPEDIA
;NA;NA;NA;GUICHON;LUCIEN;M;09/02/1932;CONSEILLER REGIONAL;16/03/1986;26/09/1986;FM;NA;NA;NA;NA;RPR;NA;NA;NA;WIKIPEDIA
;NA;NA;NA;SAINT PIERRE;DOMINIQUE;M;10/11/1940;REPRESENTANT EUROPEN;12/06/1994;10/06/1999;FM;NA;NA;NA;NA;NA;NA;NA;NA;WIKIPEDIA
;NA;NA;NA;CHAVANNE;GUY;M;21/04/1935;CONSEILLER DEPARTEMENTAL;07/03/1976;10/03/1982;FM;NA;NA;NA;NA;COM;NA;OYONNAX;Canton;ARCHIVES
;NA;NA;NA;CHAVANNE;GUY;M;21/04/1935;CONSEILLER MUNICIPAL;13/03/1977;01/01/1982;DM;M;13/03/1977;01/01/1982;NA;PCF;NA;OYONNAX;Commune;ARCHIVES
;NA;NA;NA;EMIN;JEAN-PAUL;M;17/06/1939;CONSEILLER MUNICIPAL;NA;NA;NA;ADJOINT;NA;NA;NA;NA;NA;OYONNAX;Commune;WIKIPEDIA
;NA;NA;NA;EMIN;LEON;M;11/07/1903;CONSEILLER MUNICIPAL;08/03/1959;10/03/1965;FM;M;08/03/1959;10/03/1965;FM;NA;NA;OYONNAX;Commune;WIKIPEDIA
;NA;NA;NA;EMIN;LEON;M;11/07/1903;CONSEILLER MUNICIPAL;14/03/1965;10/03/1971;FM;M;14/03/1965;10/03/1971;FM;NA;NA;OYONNAX;Commune;WIKIPEDIA
;NA;NA;NA;EMIN;LEON;M;11/07/1903;CONSEILLER MUNICIPAL;14/03/1971;10/03/1977;FM;M;14/03/1971;10/03/1977;FM;NA;NA;OYONNAX;Commune;WIKIPEDIA
;NA;NA;NA;GUICHON;LUCIEN;M;09/02/1932;CONSEILLER MUNICIPAL;06/03/1983;10/03/1989;FM;M;06/03/1983;10/03/1989;FM;RPR;NA;OYONNAX;Commune;WIKIPEDIA
;NA;NA;NA;GUICHON;LUCIEN;M;09/02/1932;CONSEILLER MUNICIPAL;12/03/1989;10/06/1995;FM;M;12/03/1989;10/06/1995;FM;RPR;NA;OYONNAX;Commune;WIKIPEDIA
;NA;NA;NA;GUICHON;LUCIEN;M;09/02/1932;CONSEILLER MUNICIPAL;11/06/1995;10/03/2001;FM;M;11/06/1995;10/03/2001;FM;RPR;NA;OYONNAX;Commune;WIKIPEDIA
;;;;GOBET;JACQUES;M;24/08/1948;CONSEILLER MUNICIPAL;11/03/2001;01/03/2008;FM;M;11/03/2001;01/03/2008;FM;UMP;;OYONNAX;Commune;WIKIPEDIA
;;;;GOBET;JACQUES;M;24/08/1948;CONSEILLER REGIONAL;15/03/1998;20/03/2004;FM;;;;;UMP;;AIN;Departement;WIKIPEDIA
;;;;PERRAUD;MICHEL;M;15/04/1953;CONSEILLER MUNICIPAL;09/03/2008;20/03/2014;FM;M;09/03/2008;20/03/2014;FM;UDI;;OYONNAX;Commune;WIKIPEDIA
;;;;PERRAUD;MICHEL;M;15/04/1953;CONSEILLER MUNICIPAL;22/03/2014;10/03/2020;FM;M;22/03/2014;10/03/2020;FM;UDI;;OYONNAX;Commune;WIKIPEDIA
;;;;PERRAUD;MICHEL;M;15/04/1953;CONSEILLER MUNICIPAL;20/03/2020;NA;NA;M;20/03/2020;NA;NA;UDI;;OYONNAX;Commune;WIKIPEDIA
;;;;PERRAUD;MICHEL;M;15/04/1953;CONSEILLER DEPARTEMENTAL;11/03/2001;01/03/2008;FM;;;;;UDI;;OYONNAX;Canton;WIKIPEDIA
;;;;PERRAUD;MICHEL;M;15/04/1953;CONSEILLER DEPARTEMENTAL;09/03/2008;20/03/2015;FM;;;;;UDI;;OYONNAX SUD;Canton;WIKIPEDIA
;;;;PERRAUD;MICHEL;M;15/04/1953;CONSEILLER DEPARTEMENTAL;29/03/2015;10/06/2021;FM;;;;;UDI;;OYONNAX SUD;Canton;WIKIPEDIA
;NA;NA;NA;SUBTIL;ROBERT;M;NA;CONSEILLER MUNICIPAL;13/03/1977;01/03/1983;FM;M;01/02/1982;01/03/1983;FM;PCF;NA;OYONNAX;Commune;WIKIPEDIA
;NA;NA;NA;ABAD;DAMIEN;M;05/04/1980;CONSEILLER DEPARTEMENTAL;29/03/2015;10/06/2021;FM;P;02/04/2015;10/07/2017;CUMUL;LR;NA;PONT D AIN;Canton;WIKIPEDIA
;NA;NA;NA;ABAD;DAMIEN;M;05/04/1980;CONSEILLER DEPARTEMENTAL;20/06/2021;NA;NA;NA;NA;NA;NA;LR;NA;PONT D AIN;Canton;WIKIPEDIA
;NA;NA;NA;BOYON;JACQUES;M;30/09/1934;CONSEILLER DEPARTEMENTAL;01/12/1970;01/09/1973;FM;NA;NA;NA;NA;NA;NA;PONT D AIN;Canton;WIKIPEDIA
;NA;NA;NA;BOYON;JACQUES;M;30/09/1934;CONSEILLER DEPARTEMENTAL;10/03/1985;20/03/1992;FM;P;10/03/1985;20/03/1992;FM;RPR;NA;PONT D AIN;Canton;WIKIPEDIA
;NA;NA;NA;BOYON;JACQUES;M;30/09/1934;CONSEILLER DEPARTEMENTAL;23/09/1973;10/03/1979;FM;NA;NA;NA;NA;NA;NA;PONT D AIN;Canton;WIKIPEDIA
;NA;NA;NA;BOYON;JACQUES;M;30/09/1934;CONSEILLER DEPARTEMENTAL;18/03/1979;01/03/1985;FM;NA;16/04/1984;01/03/1985;FM;RPR;NA;PONT D AIN;Canton;ARCHIVES
;NA;NA;NA;BOYON;JACQUES;M;30/09/1934;CONSEILLER MUNICIPAL;14/03/1971;10/03/1977;FM;M;14/03/1971;10/03/1977;FM;NA;NA;PONT D AIN;Commune;ARCHIVES
;NA;NA;NA;BOYON;JACQUES;M;30/09/1934;CONSEILLER MUNICIPAL;13/03/1977;10/03/1983;FM;M;13/03/1977;10/03/1983;FM;NA;NA;PONT D AIN;Commune;WIKIPEDIA
;NA;NA;NA;BOYON;JACQUES;M;30/09/1934;CONSEILLER MUNICIPAL;14/03/1983;19/03/1989;FM;M;14/03/1983;19/03/1989;FM;NA;NA;PONT D AIN;Commune;WIKIPEDIA
;NA;NA;NA;BOYON;JACQUES;M;30/09/1934;CONSEILLER MUNICIPAL;20/01/1991;05/06/1995;FM;M;20/01/1991;05/06/1995;FM;NA;NA;PONT D AIN;Commune;WIKIPEDIA
;NA;NA;NA;BOYON;JACQUES;M;30/09/1934;CONSEILLER MUNICIPAL;11/06/1995;10/03/2001;FM;M;11/06/1995;10/03/2001;FM;NA;NA;PONT D AIN;Commune;WIKIPEDIA
;NA;NA;NA;BRAYARD;JOSEPH;M;31/03/1901;CONSEILLER DEPARTEMENTAL;23/09/1945;10/04/1958;FM;NA;NA;NA;NA;NA;NA;PONT DE VAUX;Canton;WIKIPEDIA
;NA;NA;NA;BRAYARD;JOSEPH;M;31/03/1901;CONSEILLER DEPARTEMENTAL;20/04/1958;01/03/1964;FM;NA;NA;NA;NA;NA;NA;PONT DE VAUX;Canton;WIKIPEDIA
;NA;NA;NA;BRAYARD;JOSEPH;M;31/03/1901;CONSEILLER DEPARTEMENTAL;08/03/1964;20/03/1970;FM;NA;NA;NA;NA;NA;NA;PONT DE VAUX;Canton;WIKIPEDIA
;NA;NA;NA;BRAYARD;JOSEPH;M;31/03/1901;CONSEILLER DEPARTEMENTAL;23/09/1970;03/07/1972;DC;NA;NA;NA;NA;NA;NA;PONT DE VAUX;Canton;WIKIPEDIA
SEN_058913V;NULL;58913V;NULL;DE LA VERPILLIERE;GUY;M;09/08/1922;CONSEILLER MUNICIPAL;26/04/1953;05/03/1959;FM;M;26/04/1953;05/03/1959;FM;CNI;NA;PROULIEU;Commune;ARCHIVES
SEN_058913V;NULL;58913V;NULL;DE LA VERPILLIERE;GUY;M;09/08/1922;CONSEILLER MUNICIPAL;08/03/1959;13/02/1963;AM;M;08/03/1959;13/02/1963;AM;CNI;NA;PROULIEU;Commune;ARCHIVES
;NA;NA;NA;VOISIN;MICHEL;M;06/10/1944;CONSEILLER MUNICIPAL;20/03/1977;01/03/1983;FM;ADJOINT;20/03/1977;01/03/1983;FM;RPR;NA;REPLONGES;Commune;WIKIPEDIA
;NA;NA;NA;VOISIN;MICHEL;M;06/10/1944;CONSEILLER MUNICIPAL;14/03/1983;19/03/1989;FM;M;14/03/1983;19/03/1989;FM;UDF;NA;REPLONGES;Commune;WIKIPEDIA
;NA;NA;NA;VOISIN;MICHEL;M;06/10/1944;CONSEILLER MUNICIPAL;12/03/1989;10/06/1995;FM;M;12/03/1989;10/06/1995;FM;UDF;NA;REPLONGES;Commune;WIKIPEDIA
;NA;NA;NA;VOISIN;MICHEL;M;06/10/1944;CONSEILLER MUNICIPAL;11/06/1995;10/03/2001;FM;M;11/06/1995;10/03/2001;FM;UDF;NA;REPLONGES;Commune;WIKIPEDIA
;NA;NA;NA;VOISIN;MICHEL;M;06/10/1944;CONSEILLER MUNICIPAL;11/03/2001;01/03/2008;FM;M;11/03/2001;01/03/2008;FM;UMP;NA;REPLONGES;Commune;WIKIPEDIA
;NA;NA;NA;VOISIN;MICHEL;M;06/10/1944;CONSEILLER MUNICIPAL;09/03/2008;20/03/2014;FM;M;09/03/2008;20/03/2014;FM;UMP;NA;REPLONGES;Commune;WIKIPEDIA
;NA;NA;NA;VOISIN;MICHEL;M;06/10/1944;CONSEILLER REGIONAL;02/04/2004;10/03/2010;FM;NA;NA;NA;NA;NA;NA;RHONE-ALPES;Rgion;WIKIPEDIA
;NA;NA;NA;VOISIN;MICHEL;M;06/10/1944;CONSEILLER REGIONAL;14/03/2010;06/12/2012;FM;NA;NA;NA;NA;NA;NA;RHONE-ALPES;Rgion;WIKIPEDIA
;NA;NA;NA;BLAISON;PIERRE;M;28/06/1903;CONSEILLER MUNICIPAL;14/03/1971;10/03/1977;FM;M;14/03/1971;10/03/1977;FM;NA;NA;SAINT GENIS POUILLY;Commune;WIKIPEDIA
;NA;NA;NA;DESPIERRE;RENE;M;NA;CONSEILLER MUNICIPAL;14/03/1965;10/03/1971;FM;M;15/11/1970;10/03/1971;FM;NA;NA;SAINT GENIS POUILLY;Commune;WIKIPEDIA
;NA;NA;NA;DURET;LUCIENNE;F;22/02/1922;CONSEILLER MUNICIPAL;13/03/1977;01/03/1983;FM;M;13/03/1977;01/03/1983;FM;NA;NA;SAINT GENIS POUILLY;Commune;WIKIPEDIA
;NA;NA;NA;DURET;LUCIENNE;F;22/02/1922;CONSEILLER MUNICIPAL;06/03/1983;10/03/1989;FM;M;06/03/1983;10/03/1989;FM;NA;NA;SAINT GENIS POUILLY;Commune;WIKIPEDIA
;NA;NA;NA;GIVERNET;OLGA;F;17/10/1981;CONSEILLER MUNICIPAL;30/03/2014;18/07/2017;AU;NA;NA;NA;NA;NA;NA;SAINT GENIS POUILLY;Commune;WIKIPEDIA
;NA;NA;NA;GRILLET;ARISTIDE;M;NA;CONSEILLER MUNICIPAL;29/04/1945;10/10/1947;FM;M;29/04/1945;10/10/1947;FM;NA;NA;SAINT GENIS POUILLY;Commune;WIKIPEDIA
;NA;NA;NA;GRILLET;ARISTIDE;M;NA;CONSEILLER MUNICIPAL;19/10/1947;20/04/1953;FM;M;19/10/1947;20/04/1953;FM;NA;NA;SAINT GENIS POUILLY;Commune;WIKIPEDIA
;NA;NA;NA;GRILLET;ARISTIDE;M;NA;CONSEILLER MUNICIPAL;26/04/1953;05/03/1959;FM;M;26/04/1953;05/03/1959;FM;NA;NA;SAINT GENIS POUILLY;Commune;WIKIPEDIA
;NA;NA;NA;GRILLET;ARISTIDE;M;NA;CONSEILLER MUNICIPAL;08/03/1959;10/03/1965;FM;M;08/03/1959;10/03/1965;FM;NA;NA;SAINT GENIS POUILLY;Commune;WIKIPEDIA
;NA;NA;NA;GRILLET;ARISTIDE;M;NA;CONSEILLER MUNICIPAL;14/03/1965;01/11/1970;DC;M;14/03/1965;01/11/1970;DC;NA;NA;SAINT GENIS POUILLY;Commune;WIKIPEDIA
;NA;NA;NA;HUBERT;BERTRAND;M;05/12/1946;CONSEILLER MUNICIPAL;12/03/1989;10/06/1995;FM;M;12/03/1989;10/06/1995;FM;DVG;NA;SAINT GENIS POUILLY;Commune;WIKIPEDIA
;NA;NA;NA;JEAN;LISETTE;F;NA;CONSEILLER MUNICIPAL;11/06/1995;10/03/2001;FM;M;11/06/1995;10/03/2001;FM;DVD;NA;SAINT GENIS POUILLY;Commune;WIKIPEDIA
;;;;BERTRAND;HUBERT;M;05/12/1946;CONSEILLER MUNICIPAL;11/03/2001;01/03/2008;FM;M;11/03/2001;01/03/2008;FM;PRG;;SAINT GENIS POUILLY;Commune;WIKIPEDIA
;;;;BERTRAND;HUBERT;M;05/12/1946;CONSEILLER MUNICIPAL;09/03/2008;20/03/2014;FM;M;09/03/2008;20/03/2014;FM;PRG;;SAINT GENIS POUILLY;Commune;WIKIPEDIA
;;;;BERTRAND;HUBERT;M;05/12/1946;CONSEILLER MUNICIPAL;22/03/2014;10/03/2020;FM;M;22/03/2014;10/03/2020;FM;PRG;;SAINT GENIS POUILLY;Commune;WIKIPEDIA
;;;;BERTRAND;HUBERT;M;05/12/1946;CONSEILLER MUNICIPAL;20/03/2020;NA;NA;M;20/03/2020;NA;NA;PRG;;SAINT GENIS POUILLY;Commune;WIKIPEDIA
;NA;NA;NA;PEPIN;JEAN;M;23/11/1939;CONSEILLER MUNICIPAL;13/03/1977;05/03/1983;FM;M;13/03/1977;05/03/1983;FM;NA;NA;SAINT NIZIER LE BOUCHOUX;Commune;ARCHIVES
;NA;NA;NA;PEPIN;JEAN;M;23/11/1939;CONSEILLER MUNICIPAL;06/03/1983;10/03/1989;FM;M;06/03/1983;10/03/1989;FM;NA;NA;SAINT NIZIER LE BOUCHOUX;Commune;WIKIPEDIA
;NA;NA;NA;PEPIN;JEAN;M;23/11/1939;CONSEILLER MUNICIPAL;12/03/1989;10/06/1995;FM;M;12/03/1989;10/06/1995;FM;NA;NA;SAINT NIZIER LE BOUCHOUX;Commune;WIKIPEDIA
;NA;NA;NA;PEPIN;JEAN;M;23/11/1939;CONSEILLER MUNICIPAL;11/06/1995;10/03/2001;FM;M;11/06/1995;10/03/2001;FM;NA;NA;SAINT NIZIER LE BOUCHOUX;Commune;WIKIPEDIA
;NA;NA;NA;PEPIN;JEAN;M;23/11/1939;CONSEILLER DEPARTEMENTAL;22/03/1992;10/03/1998;FM;P;22/03/1992;10/03/1998;FM;NA;NA;SAINT TRIVIER DE COURTES;Canton;WIKIPEDIA
;NA;NA;NA;PEPIN;JEAN;M;23/11/1939;CONSEILLER DEPARTEMENTAL;15/03/1998;20/03/2004;FM;P;15/03/1998;20/03/2004;FM;NA;NA;SAINT TRIVIER DE COURTES;Canton;WIKIPEDIA
;NA;NA;NA;PEPIN;JEAN;M;23/11/1939;CONSEILLER DEPARTEMENTAL;18/03/1979;01/03/1985;FM;NA;NA;NA;NA;DMF;NA;SAINT TRIVIER DE COURTES;Canton;ARCHIVES
;NA;NA;NA;PEPIN;JEAN;M;23/11/1939;CONSEILLER DEPARTEMENTAL;10/03/1985;20/03/1992;FM;NA;NA;NA;NA;NA;NA;SAINT TRIVIER DE COURTES;Canton;WIKIPEDIA
;NA;NA;NA;DUBUIS;EMILE;M;20/03/1911;CONSEILLER DEPARTEMENTAL;01/03/1949;10/04/1955;FM;NA;NA;NA;NA;MRP;NA;TREVOUX;Canton;WIKIPEDIA
;NA;NA;NA;DUBUIS;EMILE;M;20/03/1911;CONSEILLER DEPARTEMENTAL;17/04/1955;01/06/1961;FM;NA;NA;NA;NA;MRP;NA;TREVOUX;Canton;WIKIPEDIA
;NA;NA;NA;DUBUIS;EMILE;M;20/03/1911;CONSEILLER DEPARTEMENTAL;04/06/1961;20/09/1967;FM;NA;NA;NA;NA;MRP;NA;TREVOUX;Canton;WIKIPEDIA
;NA;NA;NA;DUBUIS;EMILE;M;20/03/1911;CONSEILLER DEPARTEMENTAL;24/09/1967;01/03/1971;NA;NA;NA;NA;NA;MRP;NA;TREVOUX;Canton;WIKIPEDIA
;NA;NA;NA;DUBUIS;EMILE;M;20/03/1911;CONSEILLER MUNICIPAL;19/10/1947;20/04/1953;FM;M;19/10/1947;20/04/1953;FM;MRP;NA;TREVOUX;Commune;WIKIPEDIA
;NA;NA;NA;DUBUIS;EMILE;M;20/03/1911;CONSEILLER MUNICIPAL;26/04/1953;05/03/1959;FM;M;26/04/1953;05/03/1959;FM;MRP;NA;TREVOUX;Commune;WIKIPEDIA
;NA;NA;NA;DUBUIS;EMILE;M;20/03/1911;CONSEILLER MUNICIPAL;08/03/1959;10/03/1965;FM;M;08/03/1959;10/03/1965;FM;MRP;NA;TREVOUX;Commune;WIKIPEDIA
;NA;NA;NA;DUBUIS;EMILE;M;20/03/1911;CONSEILLER MUNICIPAL;14/03/1965;10/03/1971;FM;M;14/03/1965;10/03/1971;FM;MRP;NA;TREVOUX;Commune;WIKIPEDIA
;NA;NA;NA;DUBUIS;EMILE;M;20/03/1911;CONSEILLER MUNICIPAL;01/01/1941;01/11/1944;FM;M;01/01/1941;01/11/1944;FM;MRP;NA;TREVOUX;Commune;WIKIPEDIA
;NA;NA;NA;CHAIZE;PATRICK;M;22/03/1963;CONSEILLER MUNICIPAL;09/03/2008;20/03/2014;FM;M;09/03/2008;20/03/2014;FM;NA;NA;VONNAS;Commune;WIKIPEDIA
;NA;NA;NA;CHAIZE;PATRICK;M;22/03/1963;CONSEILLER MUNICIPAL;22/03/2014;10/03/2020;FM;M;22/03/2014;01/01/2017;CUMUL;NA;NA;VONNAS;Commune;WIKIPEDIA
